Time,Saturn,Tent,Humidity
12/10/21 07:59:39,87.6,74.5,38.4%
12/10/21 07:59:54,87.6,74.5,38.3%
12/10/21 08:00:09,87.6,74.5,38.5%
12/10/21 08:00:24,87.6,74.5,38.8%
12/10/21 08:00:39,87.4,74.5,39.3%
12/10/21 08:00:56,87.6,74.8,40.7%
12/10/21 08:01:10,87.4,74.8,40.8%
12/10/21 08:01:21,87.6,75.0,41.2%
12/10/21 08:01:32,87.6,75.2,41.4%
12/10/21 08:01:43,87.6,75.2,41.8%
12/10/21 08:01:54,87.6,75.4,42.2%
12/10/21 08:02:05,87.6,75.6,42.4%
12/10/21 08:02:28,87.6,76.1,42.4%
12/10/21 08:02:46,87.6,76.1,42.3%
12/10/21 08:03:01,87.6,76.1,42.4%
12/10/21 08:03:16,87.6,76.3,42.3%
12/10/21 08:03:31,87.4,76.3,41.4%
12/10/21 08:03:46,87.3,76.3,41.0%
12/10/21 08:04:01,87.1,76.5,40.8%
12/10/21 08:04:19,87.1,76.5,40.3%
12/10/21 08:04:34,86.9,76.5,40.3%
12/10/21 08:04:49,86.9,76.5,40.0%
12/10/21 08:05:05,86.7,76.5,39.8%
12/10/21 08:05:20,86.7,76.5,39.5%
12/10/21 08:05:35,86.5,76.6,39.4%
12/10/21 08:05:50,86.5,76.6,39.2%
12/10/21 08:06:05,86.5,76.6,39.0%
12/10/21 08:06:22,86.4,76.6,38.8%
12/10/21 08:06:37,86.4,76.6,38.6%
12/10/21 08:06:53,86.4,76.6,38.5%
12/10/21 08:07:08,86.4,76.6,38.2%
12/10/21 08:07:27,86.4,76.5,37.9%
12/10/21 08:07:42,86.4,76.5,37.9%
12/10/21 08:07:57,86.4,76.5,37.8%
12/10/21 08:08:12,86.5,76.5,37.7%
12/10/21 08:08:27,86.5,76.5,37.7%
12/10/21 08:08:42,86.5,76.5,37.5%
12/10/21 08:08:57,86.5,76.5,37.4%
12/10/21 08:09:12,86.5,76.3,37.3%
12/10/21 08:09:32,86.7,76.5,37.3%
12/10/21 08:09:47,86.7,76.3,37.2%
12/10/21 08:10:02,86.9,76.3,37.1%
12/10/21 08:10:18,86.7,76.3,37.1%
12/10/21 08:10:35,86.9,76.3,37.0%
12/10/21 08:10:50,86.7,76.3,37.0%
12/10/21 08:11:05,86.9,76.3,36.9%
12/10/21 08:11:23,86.9,76.3,36.9%
12/10/21 08:11:37,86.9,76.3,36.9%
12/10/21 08:11:52,86.9,76.3,36.8%
12/10/21 08:12:10,86.9,76.3,36.8%
12/10/21 08:12:25,86.9,76.1,36.8%
12/10/21 08:12:41,86.9,76.1,36.7%
12/10/21 08:12:56,86.9,76.1,36.7%
12/10/21 08:13:11,86.9,76.1,36.7%
12/10/21 08:13:26,86.9,76.1,36.7%
12/10/21 08:13:41,86.7,75.9,36.6%
12/10/21 08:13:59,86.7,75.9,36.6%
12/10/21 08:14:16,86.5,75.9,36.6%
12/10/21 08:14:34,86.4,75.9,36.6%
12/10/21 08:14:49,86.5,75.9,36.6%
12/10/21 08:15:06,86.4,75.9,36.6%
12/10/21 08:15:24,86.4,75.7,36.6%
12/10/21 08:15:38,86.4,75.7,36.6%
12/10/21 08:15:53,86.2,75.7,36.6%
12/10/21 08:16:08,86.2,75.7,36.6%
12/10/21 08:16:23,86.0,75.7,36.6%
12/10/21 08:16:41,86.0,75.6,36.6%
12/10/21 08:16:56,86.0,75.7,36.6%
12/10/21 08:17:11,85.8,75.6,36.6%
12/10/21 08:17:27,85.8,75.6,36.6%
12/10/21 08:17:44,85.8,75.4,36.6%
12/10/21 08:17:55,85.6,75.4,36.6%
12/10/21 08:18:06,85.6,75.4,36.7%
12/10/21 08:18:19,85.5,75.4,36.7%
12/10/21 08:18:31,85.5,75.4,36.7%
12/10/21 08:18:42,85.5,75.4,36.7%
12/10/21 08:18:53,85.5,75.2,36.7%
12/10/21 08:19:04,85.3,75.2,36.7%
12/10/21 08:19:15,85.3,75.2,36.7%
12/10/21 08:19:28,85.3,75.2,36.7%
12/10/21 08:19:45,85.3,75.2,36.8%
12/10/21 08:19:56,85.1,75.0,36.7%
12/10/21 08:20:07,85.1,75.0,36.7%
12/10/21 08:20:18,85.1,75.0,36.8%
12/10/21 08:20:29,85.1,75.0,36.8%
12/10/21 08:20:40,84.9,75.0,36.8%
12/10/21 08:20:51,84.9,74.8,36.8%
12/10/21 08:21:02,84.9,74.8,36.8%
12/10/21 08:21:13,84.7,74.8,36.8%
12/10/21 08:21:24,84.7,74.8,36.9%
12/10/21 08:21:35,84.7,74.8,36.9%
12/10/21 08:21:46,84.6,74.7,36.9%
12/10/21 08:22:00,84.6,74.7,36.9%
12/10/21 08:22:13,84.6,74.7,36.9%
12/10/21 08:22:27,84.4,74.7,36.9%
12/10/21 08:22:38,84.4,74.7,37.0%
12/10/21 08:22:49,84.4,74.7,37.0%
12/10/21 08:23:00,84.2,74.5,37.0%
12/10/21 08:23:15,84.2,74.5,37.0%
12/10/21 08:23:30,84.2,74.5,37.1%
12/10/21 08:23:45,84.2,74.5,37.2%
12/10/21 08:24:00,84.2,74.8,37.5%
12/10/21 08:24:11,84.2,75.2,37.9%
12/10/21 08:24:22,84.2,75.7,38.2%
12/10/21 08:24:37,84.2,75.9,38.3%
12/10/21 08:24:52,84.2,76.3,38.6%
12/10/21 08:25:07,84.2,76.5,38.6%
12/10/21 08:25:22,84.2,76.5,38.6%
12/10/21 08:25:37,84.2,76.5,38.4%
12/10/21 08:25:52,84.2,76.6,38.4%
12/10/21 08:26:07,84.2,76.5,38.2%
12/10/21 08:26:22,84.2,76.5,38.0%
12/10/21 08:26:37,84.2,76.6,37.9%
12/10/21 08:26:57,84.2,76.6,37.6%
12/10/21 08:27:12,84.2,76.6,37.6%
12/10/21 08:27:27,84.2,76.6,37.5%
12/10/21 08:27:42,84.2,76.5,37.3%
12/10/21 08:27:57,84.2,76.5,37.1%
12/10/21 08:28:12,84.2,76.5,37.0%
12/10/21 08:28:27,84.2,76.5,36.9%
12/10/21 08:28:42,84.2,76.3,36.8%
12/10/21 08:28:57,84.2,76.3,36.7%
12/10/21 08:29:12,84.2,76.3,36.6%
12/10/21 08:29:27,84.2,76.3,36.6%
12/10/21 08:29:42,84.0,76.1,36.5%
12/10/21 08:29:57,84.2,76.1,36.5%
12/10/21 08:30:12,84.2,76.1,36.6%
12/10/21 08:30:27,84.0,75.9,36.5%
12/10/21 08:30:45,84.0,75.9,36.5%
12/10/21 08:31:00,84.0,75.9,36.5%
12/10/21 08:31:15,83.8,75.9,36.6%
12/10/21 08:31:30,84.0,75.7,36.5%
12/10/21 08:31:48,83.8,75.7,36.6%
12/10/21 08:32:03,83.8,75.6,36.6%
12/10/21 08:32:18,83.8,75.6,36.6%
12/10/21 08:32:33,83.8,75.6,36.6%
12/10/21 08:32:48,83.8,75.4,36.6%
12/10/21 08:32:59,83.8,75.4,36.6%
12/10/21 08:33:10,83.7,75.4,36.7%
12/10/21 08:33:21,83.7,75.2,36.6%
12/10/21 08:33:32,83.7,75.2,36.7%
12/10/21 08:33:48,83.7,75.2,36.8%
12/10/21 08:34:02,83.7,75.2,36.8%
12/10/21 08:34:13,83.7,75.2,36.8%
12/10/21 08:34:24,83.7,75.0,36.7%
12/10/21 08:34:35,83.5,75.0,36.8%
12/10/21 08:34:46,83.5,74.8,36.8%
12/10/21 08:34:57,83.5,74.8,36.8%
12/10/21 08:35:08,83.5,74.8,36.8%
12/10/21 08:35:19,83.5,74.8,36.9%
12/10/21 08:35:30,83.3,74.8,36.9%
12/10/21 08:35:41,83.3,74.8,36.9%
12/10/21 08:35:52,83.3,74.7,36.9%
12/10/21 08:36:04,83.3,74.7,36.9%
12/10/21 08:36:15,83.3,74.7,37.0%
12/10/21 08:36:26,83.3,74.5,37.0%
12/10/21 08:36:41,83.1,74.5,37.0%
12/10/21 08:36:56,83.1,74.5,37.1%
12/10/21 08:37:13,83.3,74.8,37.5%
12/10/21 08:37:27,83.1,74.8,37.6%
12/10/21 08:37:38,83.3,75.2,37.9%
12/10/21 08:37:49,83.3,75.6,38.3%
12/10/21 08:38:04,83.3,75.9,38.4%
12/10/21 08:38:19,83.5,76.5,38.7%
12/10/21 08:38:35,83.5,76.6,38.7%
12/10/21 08:38:50,83.5,76.5,38.6%
12/10/21 08:39:05,83.5,76.5,38.5%
12/10/21 08:39:20,83.5,76.5,38.4%
12/10/21 08:39:35,83.5,76.6,38.3%
12/10/21 08:39:50,83.5,76.6,38.1%
12/10/21 08:40:05,83.5,76.6,38.0%
12/10/21 08:40:20,83.5,76.5,37.8%
12/10/21 08:40:35,83.7,76.5,37.7%
12/10/21 08:40:50,83.5,76.5,37.6%
12/10/21 08:41:05,83.7,76.5,37.4%
12/10/21 08:41:20,83.5,76.5,37.3%
12/10/21 08:41:38,83.5,76.5,37.1%
12/10/21 08:41:55,83.7,76.5,37.1%
12/10/21 08:42:10,83.7,76.3,36.8%
12/10/21 08:42:25,83.5,76.3,36.8%
12/10/21 08:42:40,83.5,76.3,36.8%
12/10/21 08:42:58,83.5,76.1,36.6%
12/10/21 08:43:12,83.7,76.1,36.6%
12/10/21 08:43:27,83.5,76.1,36.6%
12/10/21 08:43:45,83.7,75.9,36.6%
12/10/21 08:44:00,83.7,75.9,36.6%
12/10/21 08:44:15,83.5,75.9,36.6%
12/10/21 08:44:30,83.5,75.9,36.6%
12/10/21 08:44:45,83.5,75.7,36.6%
12/10/21 08:45:00,83.5,75.7,36.6%
12/10/21 08:45:15,83.5,75.7,36.6%
12/10/21 08:45:30,83.5,75.6,36.7%
12/10/21 08:45:45,83.5,75.6,36.7%
12/10/21 08:46:00,83.5,75.6,36.7%
12/10/21 08:46:15,83.3,75.4,36.7%
12/10/21 08:46:28,83.5,75.4,36.7%
12/10/21 08:46:39,83.5,75.2,36.7%
12/10/21 08:46:50,83.5,75.2,36.7%
12/10/21 08:47:01,83.3,75.2,36.7%
12/10/21 08:47:12,83.3,75.2,36.8%
12/10/21 08:47:24,83.3,75.2,36.8%
12/10/21 08:47:35,83.3,75.0,36.8%
12/10/21 08:47:46,83.3,75.0,36.9%
12/10/21 08:47:59,83.1,75.0,36.9%
12/10/21 08:48:10,83.3,74.8,36.9%
12/10/21 08:48:21,83.1,74.8,36.9%
12/10/21 08:48:32,83.3,74.8,36.9%
12/10/21 08:48:44,83.1,74.8,37.0%
12/10/21 08:48:55,83.1,74.8,37.0%
12/10/21 08:49:11,83.1,74.7,37.0%
12/10/21 08:49:22,83.1,74.7,37.1%
12/10/21 08:49:33,83.1,74.7,37.1%
12/10/21 08:49:44,83.1,74.7,37.1%
12/10/21 08:49:58,83.1,74.5,37.1%
12/10/21 08:50:13,82.9,74.5,37.1%
12/10/21 08:50:27,82.9,74.5,37.1%
12/10/21 08:50:43,82.9,74.7,37.4%
12/10/21 08:50:56,83.1,74.8,37.6%
12/10/21 08:51:07,83.1,75.2,38.0%
12/10/21 08:51:18,83.1,75.6,38.3%
12/10/21 08:51:36,83.1,76.3,38.8%
12/10/21 08:51:51,83.1,76.3,38.8%
12/10/21 08:52:06,83.3,76.5,38.8%
12/10/21 08:52:24,83.3,76.5,38.7%
12/10/21 08:52:39,83.3,76.5,38.6%
12/10/21 08:52:54,83.3,76.5,38.5%
12/10/21 08:53:09,83.3,76.5,38.3%
12/10/21 08:53:24,83.3,76.5,38.2%
12/10/21 08:53:39,83.5,76.5,38.0%
12/10/21 08:53:54,83.5,76.5,37.8%
12/10/21 08:54:11,83.5,76.5,37.8%
12/10/21 08:54:26,83.5,76.5,37.6%
12/10/21 08:54:41,83.5,76.5,37.5%
12/10/21 08:54:56,83.5,76.5,37.4%
12/10/21 08:55:12,83.5,76.5,37.2%
12/10/21 08:55:27,83.5,76.5,37.1%
12/10/21 08:55:42,83.5,76.3,36.9%
12/10/21 08:55:57,83.5,76.3,36.9%
12/10/21 08:56:12,83.5,76.3,36.8%
12/10/21 08:56:30,83.5,76.1,36.8%
12/10/21 08:56:45,83.5,76.1,36.8%
12/10/21 08:57:00,83.5,76.1,36.8%
12/10/21 08:57:17,83.5,75.9,36.7%
12/10/21 08:57:32,83.5,75.9,36.7%
12/10/21 08:57:47,83.5,75.9,36.7%
12/10/21 08:58:02,83.5,75.9,36.7%
12/10/21 08:58:17,83.5,75.7,36.6%
12/10/21 08:58:40,83.5,75.7,36.7%
12/10/21 08:58:54,83.3,75.7,36.7%
12/10/21 08:59:09,83.5,75.6,36.7%
12/10/21 08:59:26,83.5,75.6,36.7%
12/10/21 08:59:44,83.3,75.4,36.8%
12/10/21 08:59:57,83.5,75.4,36.8%
12/10/21 09:00:08,83.3,75.4,36.8%
12/10/21 09:00:19,83.3,75.4,36.8%
12/10/21 09:00:31,83.3,75.2,36.8%
12/10/21 09:00:42,83.3,75.2,36.8%
12/10/21 09:00:53,83.3,75.2,36.9%
12/10/21 09:01:04,83.3,75.2,36.9%
12/10/21 09:01:17,83.3,75.2,36.9%
12/10/21 09:01:28,83.3,75.0,36.9%
12/10/21 09:01:39,83.1,75.0,36.9%
12/10/21 09:01:51,83.1,75.0,36.9%
12/10/21 09:02:02,83.3,75.0,36.9%
12/10/21 09:02:13,83.1,74.8,36.9%
12/10/21 09:02:24,83.1,74.8,37.0%
12/10/21 09:02:35,83.1,74.8,37.0%
12/10/21 09:02:46,83.1,74.8,37.0%
12/10/21 09:02:59,83.1,74.8,37.1%
12/10/21 09:03:11,83.1,74.8,37.1%
12/10/21 09:03:24,83.1,74.7,37.1%
12/10/21 09:03:40,82.9,74.7,37.1%
12/10/21 09:03:51,82.9,74.7,37.2%
12/10/21 09:04:02,82.9,74.7,37.2%
12/10/21 09:04:16,82.9,74.5,37.1%
12/10/21 09:04:31,82.9,74.5,37.1%
12/10/21 09:04:47,82.9,74.5,37.2%
12/10/21 09:05:07,82.9,74.8,37.8%
12/10/21 09:05:18,82.9,74.8,37.8%
12/10/21 09:05:29,83.1,75.4,38.2%
12/10/21 09:05:40,82.9,75.7,38.5%
12/10/21 09:05:55,83.1,75.9,38.7%
12/10/21 09:06:10,83.1,76.3,38.9%
12/10/21 09:06:25,83.3,76.6,38.9%
12/10/21 09:06:40,83.1,76.6,38.8%
12/10/21 09:06:55,83.3,76.6,38.7%
12/10/21 09:07:10,83.3,76.6,38.6%
12/10/21 09:07:25,83.3,76.6,38.4%
12/10/21 09:07:40,83.3,76.6,38.3%
12/10/21 09:07:55,83.5,76.6,38.1%
12/10/21 09:08:10,83.5,76.6,37.9%
12/10/21 09:08:27,83.5,76.6,37.8%
12/10/21 09:08:42,83.5,76.6,37.7%
12/10/21 09:08:57,83.5,76.6,37.6%
12/10/21 09:09:12,83.5,76.6,37.4%
12/10/21 09:09:30,83.5,76.6,37.3%
12/10/21 09:09:48,83.5,76.6,37.2%
12/10/21 09:10:03,83.5,76.5,37.0%
12/10/21 09:10:18,83.5,76.5,36.9%
12/10/21 09:10:33,83.7,76.5,36.8%
12/10/21 09:10:48,83.5,76.5,36.8%
12/10/21 09:11:03,83.5,76.3,36.7%
12/10/21 09:11:18,83.5,76.3,36.7%
12/10/21 09:11:33,83.5,76.3,36.7%
12/10/21 09:11:48,83.5,76.3,36.7%
12/10/21 09:12:08,83.5,76.1,36.6%
12/10/21 09:12:23,83.7,76.1,36.6%
12/10/21 09:12:38,83.5,76.1,36.6%
12/10/21 09:12:53,83.5,75.9,36.6%
12/10/21 09:13:08,83.7,75.9,36.6%
12/10/21 09:13:23,83.5,75.9,36.7%
12/10/21 09:13:38,83.5,75.7,36.7%
12/10/21 09:13:53,83.5,75.7,36.7%
12/10/21 09:14:07,83.5,75.7,36.7%
12/10/21 09:14:25,83.5,75.6,36.7%
12/10/21 09:14:40,83.5,75.6,36.7%
12/10/21 09:14:55,83.5,75.6,36.8%
12/10/21 09:15:11,83.5,75.4,36.8%
12/10/21 09:15:22,83.5,75.4,36.8%
12/10/21 09:15:35,83.3,75.4,36.8%
12/10/21 09:15:46,83.3,75.4,36.9%
12/10/21 09:15:58,83.3,75.4,36.9%
12/10/21 09:16:14,83.3,75.2,36.9%
12/10/21 09:16:25,83.3,75.2,36.9%
12/10/21 09:16:36,83.3,75.2,36.9%
12/10/21 09:16:47,83.3,75.2,36.9%
12/10/21 09:17:00,83.3,75.0,37.0%
12/10/21 09:17:12,83.3,75.0,37.0%
12/10/21 09:17:23,83.3,75.0,37.0%
12/10/21 09:17:34,83.3,75.0,37.1%
12/10/21 09:17:45,83.3,74.8,37.0%
12/10/21 09:17:56,83.1,74.8,37.0%
12/10/21 09:18:07,83.1,74.8,37.1%
12/10/21 09:18:20,83.1,74.8,37.1%
12/10/21 09:18:32,83.1,74.8,37.1%
12/10/21 09:18:43,83.1,74.8,37.1%
12/10/21 09:18:54,83.1,74.8,37.2%
12/10/21 09:19:05,83.1,74.7,37.2%
12/10/21 09:19:16,83.1,74.7,37.2%
12/10/21 09:19:27,82.9,74.7,37.2%
12/10/21 09:19:40,82.9,74.7,37.2%
12/10/21 09:19:52,82.9,74.7,37.2%
12/10/21 09:20:05,82.9,74.5,37.2%
12/10/21 09:20:22,82.9,74.5,37.2%
12/10/21 09:20:36,82.9,74.5,37.3%
12/10/21 09:20:51,82.9,74.7,37.5%
12/10/21 09:21:02,82.9,74.8,37.8%
12/10/21 09:21:14,82.9,75.2,38.1%
12/10/21 09:21:25,82.9,75.6,38.3%
12/10/21 09:21:40,83.1,75.9,38.6%
12/10/21 09:21:55,83.1,76.3,38.8%
12/10/21 09:22:10,83.1,76.5,38.9%
12/10/21 09:22:25,83.3,76.5,38.8%
12/10/21 09:22:40,83.3,76.5,38.8%
12/10/21 09:22:54,83.3,76.5,38.6%
12/10/21 09:23:09,83.3,76.5,38.4%
12/10/21 09:23:24,83.3,76.5,38.3%
12/10/21 09:23:39,83.3,76.5,38.1%
12/10/21 09:23:54,83.3,76.6,38.0%
12/10/21 09:24:09,83.5,76.5,37.8%
12/10/21 09:24:24,83.5,76.5,37.8%
12/10/21 09:24:39,83.5,76.5,37.6%
12/10/21 09:24:54,83.5,76.5,37.5%
12/10/21 09:25:12,83.5,76.5,37.4%
12/10/21 09:25:28,83.5,76.5,37.3%
12/10/21 09:25:43,83.5,76.5,37.1%
12/10/21 09:25:58,83.5,76.5,37.0%
12/10/21 09:26:13,83.5,76.5,37.0%
12/10/21 09:26:28,83.5,76.3,36.9%
12/10/21 09:26:43,83.5,76.3,36.9%
12/10/21 09:26:58,83.5,76.3,36.8%
12/10/21 09:27:13,83.5,76.3,36.8%
12/10/21 09:27:28,83.5,76.1,36.8%
12/10/21 09:27:43,83.5,76.1,36.8%
12/10/21 09:27:58,83.5,76.1,36.8%
12/10/21 09:28:13,83.7,75.9,36.7%
12/10/21 09:28:28,83.5,75.9,36.8%
12/10/21 09:28:43,83.7,75.9,36.8%
12/10/21 09:28:58,83.5,75.9,36.8%
12/10/21 09:29:13,83.5,75.7,36.8%
12/10/21 09:29:28,83.5,75.7,36.8%
12/10/21 09:29:46,83.5,75.7,36.9%
12/10/21 09:30:01,83.5,75.7,36.9%
12/10/21 09:30:16,83.5,75.6,36.8%
12/10/21 09:30:31,83.5,75.6,36.9%
12/10/21 09:30:46,83.5,75.6,36.9%
12/10/21 09:31:01,83.5,75.4,36.9%
12/10/21 09:31:12,83.3,75.4,36.9%
12/10/21 09:31:23,83.5,75.4,36.9%
12/10/21 09:31:37,83.3,75.4,37.0%
12/10/21 09:31:51,83.3,75.4,37.0%
12/10/21 09:32:02,83.3,75.2,37.0%
12/10/21 09:32:13,83.5,75.2,37.0%
12/10/21 09:32:24,83.3,75.2,37.0%
12/10/21 09:32:35,83.3,75.2,37.1%
12/10/21 09:32:46,83.3,75.2,37.1%
12/10/21 09:32:57,83.3,75.0,37.1%
12/10/21 09:33:08,83.3,75.0,37.1%
12/10/21 09:33:22,83.3,74.8,37.1%
12/10/21 09:33:35,83.3,74.8,37.1%
12/10/21 09:33:46,83.3,74.8,37.1%
12/10/21 09:33:57,83.1,74.8,37.2%
12/10/21 09:34:08,83.3,74.8,37.2%
12/10/21 09:34:19,83.3,74.8,37.2%
12/10/21 09:34:31,83.1,74.8,37.3%
12/10/21 09:34:42,83.1,74.8,37.3%
12/10/21 09:34:55,83.1,74.7,37.2%
12/10/21 09:35:06,83.1,74.7,37.2%
12/10/21 09:35:17,83.1,74.7,37.2%
12/10/21 09:35:28,83.1,74.7,37.3%
12/10/21 09:35:39,82.9,74.7,37.3%
12/10/21 09:35:51,82.9,74.7,37.3%
12/10/21 09:36:02,82.9,74.7,37.3%
12/10/21 09:36:13,82.9,74.5,37.3%
12/10/21 09:36:28,82.9,74.5,37.3%
12/10/21 09:36:43,82.9,74.5,37.4%
12/10/21 09:36:58,82.9,74.7,37.6%
12/10/21 09:37:09,82.9,74.8,37.9%
12/10/21 09:37:20,82.9,75.2,38.2%
12/10/21 09:37:31,82.9,75.6,38.4%
12/10/21 09:37:46,83.1,75.9,38.6%
12/10/21 09:38:01,83.1,76.3,38.9%
12/10/21 09:38:18,83.3,76.5,38.9%
12/10/21 09:38:33,83.1,76.5,38.8%
12/10/21 09:38:53,83.3,76.5,38.6%
12/10/21 09:39:08,83.3,76.5,38.5%
12/10/21 09:39:24,83.3,76.5,38.4%
12/10/21 09:39:39,83.3,76.6,38.3%
12/10/21 09:39:54,83.3,76.6,38.1%
12/10/21 09:40:09,83.5,76.6,38.0%
12/10/21 09:40:27,83.5,76.6,37.8%
12/10/21 09:40:42,83.5,76.6,37.8%
12/10/21 09:40:57,83.5,76.6,37.6%
12/10/21 09:41:14,83.5,76.6,37.5%
12/10/21 09:41:29,83.5,76.6,37.3%
12/10/21 09:41:44,83.5,76.5,37.1%
12/10/21 09:41:59,83.7,76.5,37.1%
12/10/21 09:42:14,83.5,76.5,37.0%
12/10/21 09:42:28,83.5,76.5,36.9%
12/10/21 09:42:46,83.7,76.3,36.8%
12/10/21 09:43:01,83.5,76.3,36.8%
12/10/21 09:43:16,83.7,76.3,36.8%
12/10/21 09:43:31,83.7,76.3,36.8%
12/10/21 09:43:46,83.7,76.3,36.8%
12/10/21 09:44:01,83.5,76.3,36.8%
12/10/21 09:44:16,83.7,76.1,36.8%
12/10/21 09:44:31,83.5,76.1,36.8%
12/10/21 09:44:46,83.7,75.9,36.8%
12/10/21 09:45:01,83.7,75.9,36.8%
12/10/21 09:45:18,83.7,75.9,36.8%
12/10/21 09:45:38,83.5,75.9,36.8%
12/10/21 09:45:53,83.5,75.9,36.9%
12/10/21 09:46:08,83.5,75.7,36.8%
12/10/21 09:46:24,83.5,75.7,36.9%
12/10/21 09:46:39,83.5,75.7,36.9%
12/10/21 09:46:54,83.5,75.7,36.9%
12/10/21 09:47:09,83.5,75.6,36.9%
12/10/21 09:47:24,83.5,75.6,37.0%
12/10/21 09:47:38,83.5,75.4,36.9%
12/10/21 09:47:50,83.5,75.4,37.0%
12/10/21 09:48:03,83.5,75.4,37.1%
12/10/21 09:48:14,83.5,75.4,37.1%
12/10/21 09:48:25,83.5,75.4,37.1%
12/10/21 09:48:36,83.5,75.2,37.1%
12/10/21 09:48:47,83.5,75.2,37.1%
12/10/21 09:49:01,83.5,75.2,37.1%
12/10/21 09:49:12,83.5,75.2,37.1%
12/10/21 09:49:23,83.3,75.2,37.2%
12/10/21 09:49:34,83.3,75.2,37.2%
12/10/21 09:49:45,83.3,75.2,37.2%
12/10/21 09:49:56,83.3,75.0,37.2%
12/10/21 09:50:07,83.3,75.0,37.2%
12/10/21 09:50:18,83.3,75.0,37.3%
12/10/21 09:50:30,83.3,75.0,37.3%
12/10/21 09:50:41,83.3,75.0,37.3%
12/10/21 09:50:52,83.3,74.8,37.3%
12/10/21 09:51:03,83.1,74.8,37.3%
12/10/21 09:51:14,83.1,74.8,37.3%
12/10/21 09:51:25,83.1,74.8,37.3%
12/10/21 09:51:36,83.1,74.8,37.3%
12/10/21 09:51:47,83.1,74.8,37.3%
12/10/21 09:51:58,83.1,74.8,37.4%
12/10/21 09:52:09,83.1,74.7,37.3%
12/10/21 09:52:23,83.1,74.7,37.4%
12/10/21 09:52:34,83.1,74.7,37.4%
12/10/21 09:52:45,82.9,74.7,37.4%
12/10/21 09:52:56,83.1,74.7,37.4%
12/10/21 09:53:10,82.9,74.7,37.5%
12/10/21 09:53:21,82.9,74.7,37.5%
12/10/21 09:53:32,82.9,74.5,37.4%
12/10/21 09:53:47,82.9,74.5,37.5%
12/10/21 09:54:02,82.9,74.5,37.5%
12/10/21 09:54:17,82.9,74.7,37.7%
12/10/21 09:54:28,82.9,74.8,38.0%
12/10/21 09:54:39,82.9,75.2,38.2%
12/10/21 09:54:50,82.9,75.6,38.5%
12/10/21 09:55:05,83.1,75.9,38.7%
12/10/21 09:55:23,83.1,76.6,39.0%
12/10/21 09:55:38,83.1,76.6,39.0%
12/10/21 09:55:52,83.3,76.6,38.9%
12/10/21 09:56:07,83.3,76.8,39.0%
12/10/21 09:56:25,83.3,76.6,39.3%
12/10/21 09:56:42,83.5,76.5,39.5%
12/10/21 09:57:05,83.3,76.5,39.7%
12/10/21 09:57:20,83.3,76.5,38.9%
12/10/21 09:57:35,83.3,76.3,38.5%
12/10/21 09:57:57,83.3,76.1,37.9%
12/10/21 09:58:12,83.3,76.3,37.9%
12/10/21 09:58:27,83.3,76.1,37.8%
12/10/21 09:58:45,83.3,76.1,38.3%
12/10/21 09:59:02,83.3,76.1,38.2%
12/10/21 09:59:17,83.3,75.9,38.2%
12/10/21 09:59:32,83.3,75.9,38.8%
12/10/21 09:59:47,83.5,75.9,38.5%
12/10/21 10:00:02,83.3,75.9,38.4%
12/10/21 10:00:17,83.3,75.9,38.3%
12/10/21 10:00:32,83.5,75.7,39.4%
12/10/21 10:00:47,83.3,75.7,38.7%
12/10/21 10:01:02,83.3,75.7,38.5%
12/10/21 10:01:17,83.3,75.6,38.5%
12/10/21 10:01:32,83.3,75.6,38.5%
12/10/21 10:01:47,83.3,75.6,38.5%
12/10/21 10:02:04,83.3,75.4,38.5%
12/10/21 10:02:15,83.3,75.4,38.4%
12/10/21 10:02:29,83.3,75.4,38.5%
12/10/21 10:02:40,83.1,75.4,38.5%
12/10/21 10:02:53,83.3,75.4,38.5%
12/10/21 10:03:04,83.3,75.4,38.5%
12/10/21 10:03:15,83.3,75.4,38.5%
12/10/21 10:03:26,83.3,75.4,38.5%
12/10/21 10:03:37,83.1,75.2,38.4%
12/10/21 10:03:49,83.1,75.2,38.5%
12/10/21 10:04:00,83.1,75.2,38.5%
12/10/21 10:04:13,83.3,75.2,38.5%
12/10/21 10:04:24,83.1,75.2,38.5%
12/10/21 10:04:35,83.1,75.2,38.6%
12/10/21 10:04:46,83.1,75.2,38.6%
12/10/21 10:04:57,83.1,75.2,38.6%
12/10/21 10:05:09,83.1,75.2,38.6%
12/10/21 10:05:20,83.1,75.0,38.5%
12/10/21 10:05:31,83.1,75.0,38.5%
12/10/21 10:05:42,83.1,75.0,38.5%
12/10/21 10:05:53,82.9,75.0,38.5%
12/10/21 10:06:04,82.9,75.0,38.5%
12/10/21 10:06:15,83.1,75.0,38.6%
12/10/21 10:06:26,82.9,74.8,38.5%
12/10/21 10:06:37,82.9,74.8,38.5%
12/10/21 10:06:48,83.1,74.8,38.6%
12/10/21 10:06:59,82.9,74.8,38.6%
12/10/21 10:07:10,82.9,74.8,38.6%
12/10/21 10:07:21,82.9,74.8,38.6%
12/10/21 10:07:32,82.9,74.8,38.6%
12/10/21 10:07:44,82.9,74.8,38.6%
12/10/21 10:07:57,82.9,74.8,38.6%
12/10/21 10:08:08,82.9,74.8,38.7%
12/10/21 10:08:19,82.9,74.7,38.6%
12/10/21 10:08:30,82.8,74.7,38.6%
12/10/21 10:08:41,82.8,74.7,38.6%
12/10/21 10:08:52,82.8,74.7,38.6%
12/10/21 10:09:06,82.8,74.7,38.6%
12/10/21 10:09:17,82.8,74.7,38.6%
12/10/21 10:09:28,82.8,74.7,38.6%
12/10/21 10:09:39,82.8,74.7,38.7%
12/10/21 10:09:50,82.8,74.5,38.6%
12/10/21 10:10:05,82.6,74.5,38.7%
12/10/21 10:10:20,82.8,74.5,38.7%
12/10/21 10:10:35,82.6,74.7,38.9%
12/10/21 10:10:46,82.8,75.0,39.2%
12/10/21 10:10:57,82.8,75.2,39.4%
12/10/21 10:11:08,82.8,75.6,39.6%
12/10/21 10:11:23,82.8,76.1,39.9%
12/10/21 10:11:38,82.9,76.5,40.1%
12/10/21 10:11:53,82.9,76.6,40.1%
12/10/21 10:12:08,83.1,76.6,40.0%
12/10/21 10:12:24,83.1,76.6,39.9%
12/10/21 10:12:39,83.1,76.6,39.7%
12/10/21 10:12:54,83.3,76.8,39.6%
12/10/21 10:13:09,83.3,76.8,39.4%
12/10/21 10:13:24,83.3,76.8,39.2%
12/10/21 10:13:39,83.3,76.8,39.1%
12/10/21 10:13:54,83.3,76.8,38.9%
12/10/21 10:14:09,83.3,76.8,38.8%
12/10/21 10:14:24,83.3,76.8,38.6%
12/10/21 10:14:39,83.3,76.8,38.5%
12/10/21 10:14:54,83.3,76.8,38.4%
12/10/21 10:15:11,83.5,76.8,38.3%
12/10/21 10:15:26,83.5,76.8,38.2%
12/10/21 10:15:41,83.5,76.8,38.1%
12/10/21 10:15:56,83.5,76.8,38.0%
12/10/21 10:16:11,83.5,76.8,37.9%
12/10/21 10:16:28,83.5,76.6,37.8%
12/10/21 10:16:48,83.5,76.6,37.8%
12/10/21 10:17:03,83.5,76.6,37.8%
12/10/21 10:17:18,83.5,76.5,37.8%
12/10/21 10:17:35,83.5,76.5,37.7%
12/10/21 10:17:50,83.7,76.5,37.7%
12/10/21 10:18:05,83.7,76.5,37.7%
12/10/21 10:18:20,83.5,76.5,37.8%
12/10/21 10:18:35,83.5,76.3,37.7%
12/10/21 10:18:50,83.7,76.3,37.7%
12/10/21 10:19:05,83.7,76.3,37.7%
12/10/21 10:19:20,83.7,76.3,37.7%
12/10/21 10:19:35,83.7,76.3,37.7%
12/10/21 10:19:50,83.5,76.1,37.6%
12/10/21 10:20:07,83.5,76.1,37.7%
12/10/21 10:20:22,83.7,76.1,37.7%
12/10/21 10:20:40,83.5,75.9,37.7%
12/10/21 10:20:54,83.5,75.9,37.8%
12/10/21 10:21:09,83.5,75.7,37.8%
12/10/21 10:21:24,83.5,75.7,37.8%
12/10/21 10:21:39,83.5,75.7,37.8%
12/10/21 10:21:54,83.5,75.7,37.9%
12/10/21 10:22:09,83.5,75.7,37.9%
12/10/21 10:22:24,83.5,75.6,37.9%
12/10/21 10:22:39,83.5,75.7,38.0%
12/10/21 10:22:56,83.5,75.6,38.0%
12/10/21 10:23:11,83.5,75.4,37.9%
12/10/21 10:23:22,83.5,75.4,38.0%
12/10/21 10:23:38,83.5,75.4,38.0%
12/10/21 10:23:49,83.5,75.4,38.0%
12/10/21 10:24:00,83.3,75.4,38.1%
12/10/21 10:24:11,83.3,75.4,38.1%
12/10/21 10:24:23,83.3,75.4,38.1%
12/10/21 10:24:36,83.3,75.2,38.1%
12/10/21 10:24:47,83.3,75.2,38.1%
12/10/21 10:24:58,83.3,75.2,38.1%
12/10/21 10:25:14,83.3,75.2,38.2%
12/10/21 10:25:25,83.3,75.2,38.2%
12/10/21 10:25:39,83.3,75.0,38.1%
12/10/21 10:25:50,83.1,75.0,38.1%
12/10/21 10:26:01,83.1,75.0,38.2%
12/10/21 10:26:12,83.1,75.0,38.2%
12/10/21 10:26:23,83.1,75.0,38.2%
12/10/21 10:26:34,83.1,74.8,38.2%
12/10/21 10:26:45,83.1,74.8,38.2%
12/10/21 10:26:56,83.1,74.8,38.2%
12/10/21 10:27:08,83.1,74.8,38.3%
12/10/21 10:27:19,83.1,74.8,38.3%
12/10/21 10:27:30,83.1,74.8,38.3%
12/10/21 10:27:43,83.1,74.7,38.3%
12/10/21 10:27:54,82.9,74.7,38.3%
12/10/21 10:28:05,82.9,74.7,38.3%
12/10/21 10:28:17,82.9,74.7,38.3%
12/10/21 10:28:28,82.9,74.7,38.4%
12/10/21 10:28:39,82.9,74.7,38.4%
12/10/21 10:28:50,82.9,74.7,38.4%
12/10/21 10:29:01,82.9,74.7,38.4%
12/10/21 10:29:12,82.9,74.5,38.4%
12/10/21 10:29:27,82.8,74.5,38.4%
12/10/21 10:29:42,82.8,74.5,38.4%
12/10/21 10:29:57,82.9,74.7,38.6%
12/10/21 10:30:08,82.9,74.8,38.9%
12/10/21 10:30:19,82.9,75.4,39.2%
12/10/21 10:30:30,82.9,75.7,39.5%
12/10/21 10:30:45,82.9,75.9,39.7%
12/10/21 10:31:00,83.1,76.5,39.9%
12/10/21 10:31:15,83.1,76.6,39.9%
12/10/21 10:31:30,83.1,76.6,39.9%
12/10/21 10:31:45,83.1,76.6,39.7%
12/10/21 10:32:00,83.1,76.6,39.6%
12/10/21 10:32:15,83.3,76.8,39.5%
12/10/21 10:32:29,83.3,76.8,39.3%
12/10/21 10:32:44,83.3,76.8,39.1%
12/10/21 10:32:59,83.5,76.8,38.9%
12/10/21 10:33:16,83.5,76.8,38.8%
12/10/21 10:33:34,83.5,76.8,38.6%
12/10/21 10:33:49,83.5,76.8,38.5%
12/10/21 10:34:04,83.5,76.8,38.4%
12/10/21 10:34:19,83.5,76.8,38.3%
12/10/21 10:34:34,83.5,76.8,38.2%
12/10/21 10:34:49,83.5,76.8,38.1%
12/10/21 10:35:04,83.5,76.6,37.9%
12/10/21 10:35:19,83.5,76.6,37.8%
12/10/21 10:35:34,83.7,76.6,37.8%
12/10/21 10:35:49,83.7,76.6,37.8%
12/10/21 10:36:03,83.7,76.6,37.8%
12/10/21 10:36:18,83.5,76.6,37.7%
12/10/21 10:36:33,83.7,76.5,37.7%
12/10/21 10:36:48,83.7,76.5,37.6%
12/10/21 10:37:03,83.7,76.5,37.6%
12/10/21 10:37:23,83.5,76.3,37.6%
12/10/21 10:37:38,83.7,76.3,37.6%
12/10/21 10:37:53,83.7,76.3,37.6%
12/10/21 10:38:08,83.8,76.3,37.7%
12/10/21 10:38:26,84.0,76.3,37.6%
12/10/21 10:38:40,84.2,76.3,37.5%
12/10/21 10:38:55,84.2,76.3,37.6%
12/10/21 10:39:10,84.4,76.1,37.5%
12/10/21 10:39:30,84.6,76.1,37.6%
12/10/21 10:39:45,84.6,75.9,37.5%
12/10/21 10:40:05,84.7,75.9,37.6%
12/10/21 10:40:20,84.9,75.9,37.6%
12/10/21 10:40:35,84.9,75.7,37.5%
12/10/21 10:40:50,85.1,75.7,37.5%
12/10/21 10:41:05,85.1,75.7,37.5%
12/10/21 10:41:20,85.3,75.6,37.5%
12/10/21 10:41:35,85.3,75.6,37.6%
12/10/21 10:41:55,85.5,75.4,37.7%
12/10/21 10:42:06,85.5,75.4,37.7%
12/10/21 10:42:17,85.5,75.4,37.7%
12/10/21 10:42:28,85.6,75.2,37.7%
12/10/21 10:42:39,85.6,75.2,37.7%
12/10/21 10:42:51,85.8,75.2,37.7%
12/10/21 10:43:02,85.8,75.2,37.7%
12/10/21 10:43:20,85.8,75.0,37.7%
12/10/21 10:43:31,86.0,75.0,38.2%
12/10/21 10:43:42,85.8,75.0,38.7%
12/10/21 10:43:53,86.0,74.8,38.9%
12/10/21 10:44:05,86.0,74.8,39.4%
12/10/21 10:44:16,86.0,74.8,39.6%
12/10/21 10:44:27,86.0,74.8,40.0%
12/10/21 10:44:38,86.2,74.7,40.1%
12/10/21 10:44:49,86.2,74.7,40.3%
12/10/21 10:45:00,86.2,74.7,40.6%
12/10/21 10:45:11,86.4,74.5,40.7%
12/10/21 10:45:26,86.4,74.5,40.8%
12/10/21 10:45:43,86.4,74.3,40.9%
12/10/21 10:45:58,86.4,74.3,40.8%
12/10/21 10:46:13,86.4,74.3,40.7%
12/10/21 10:46:28,86.4,74.3,40.8%
12/10/21 10:46:43,86.5,74.3,40.7%
12/10/21 10:46:58,86.5,74.3,40.7%
12/10/21 10:47:13,86.4,74.5,40.7%
12/10/21 10:47:28,86.5,74.5,40.9%
12/10/21 10:47:43,86.5,74.5,41.0%
12/10/21 10:47:58,86.5,74.5,40.8%
12/10/21 10:48:13,86.7,74.5,41.0%
12/10/21 10:48:28,86.7,74.7,41.5%
12/10/21 10:48:39,86.7,74.8,42.1%
12/10/21 10:48:50,86.7,75.0,42.6%
12/10/21 10:49:01,86.7,75.2,43.2%
12/10/21 10:49:12,86.7,75.4,43.8%
12/10/21 10:49:23,86.7,75.4,44.1%
12/10/21 10:49:34,86.7,75.6,44.3%
12/10/21 10:49:49,86.9,75.9,44.5%
12/10/21 10:50:04,86.9,76.1,44.2%
12/10/21 10:50:19,86.9,76.3,43.4%
12/10/21 10:50:34,86.9,76.3,43.1%
12/10/21 10:50:49,86.9,76.3,42.9%
12/10/21 10:51:04,87.1,76.5,42.9%
12/10/21 10:51:19,86.9,76.5,42.6%
12/10/21 10:51:34,87.1,76.5,42.4%
12/10/21 10:51:49,87.1,76.5,42.1%
12/10/21 10:52:04,87.1,76.5,42.0%
12/10/21 10:52:19,87.1,76.5,41.8%
12/10/21 10:52:33,87.3,76.5,41.6%
12/10/21 10:52:48,87.3,76.5,41.4%
12/10/21 10:53:08,87.3,76.5,41.2%
12/10/21 10:53:23,87.3,76.5,41.0%
12/10/21 10:53:38,87.4,76.5,40.8%
12/10/21 10:53:53,87.4,76.3,40.6%
12/10/21 10:54:09,87.4,76.3,40.6%
12/10/21 10:54:24,87.4,76.3,40.5%
12/10/21 10:54:39,87.4,76.3,40.4%
12/10/21 10:54:54,87.4,76.3,40.2%
12/10/21 10:55:12,87.4,76.3,40.2%
12/10/21 10:55:27,87.4,76.3,40.2%
12/10/21 10:55:41,87.6,76.1,40.1%
12/10/21 10:55:59,87.6,76.1,40.0%
12/10/21 10:56:19,87.6,76.1,40.0%
12/10/21 10:56:34,87.6,76.1,40.0%
12/10/21 10:56:49,87.6,75.9,40.0%
12/10/21 10:57:04,87.8,75.9,40.1%
12/10/21 10:57:19,87.8,75.9,40.1%
12/10/21 10:57:34,87.8,75.9,40.1%
12/10/21 10:57:52,87.8,75.9,40.1%
12/10/21 10:58:07,87.8,75.7,40.0%
12/10/21 10:58:22,87.8,75.7,40.0%
12/10/21 10:58:37,87.8,75.7,40.0%
12/10/21 10:58:51,87.8,75.7,40.0%
12/10/21 10:59:09,88.0,75.6,40.1%
12/10/21 10:59:25,87.8,75.6,40.0%
12/10/21 10:59:40,87.8,75.6,40.1%
12/10/21 10:59:58,87.8,75.4,40.2%
12/10/21 11:00:09,88.0,75.4,40.1%
12/10/21 11:00:25,88.0,75.4,40.2%
12/10/21 11:00:36,88.0,75.4,40.2%
12/10/21 11:00:47,88.0,75.4,40.2%
12/10/21 11:00:58,88.0,75.4,40.1%
12/10/21 11:01:09,88.0,75.4,40.2%
12/10/21 11:01:23,88.2,75.2,40.1%
12/10/21 11:01:34,88.0,75.2,40.1%
12/10/21 11:01:45,88.0,75.2,40.2%
12/10/21 11:01:56,88.2,75.2,40.1%
12/10/21 11:02:10,88.0,75.2,40.1%
12/10/21 11:02:21,88.0,75.2,40.2%
12/10/21 11:02:34,88.0,75.2,40.2%
12/10/21 11:02:45,88.0,75.2,40.2%
12/10/21 11:02:56,88.2,75.0,40.2%
12/10/21 11:03:07,88.0,75.0,40.2%
12/10/21 11:03:21,88.0,75.0,40.3%
12/10/21 11:03:32,88.0,75.0,40.2%
12/10/21 11:03:43,88.0,74.8,40.2%
12/10/21 11:03:54,88.0,74.8,40.2%
12/10/21 11:04:05,88.0,74.8,40.2%
12/10/21 11:04:16,88.0,74.8,40.2%
12/10/21 11:04:27,88.2,74.8,40.2%
12/10/21 11:04:39,88.0,74.8,40.2%
12/10/21 11:04:50,88.0,74.8,40.2%
12/10/21 11:05:01,88.0,74.8,40.2%
12/10/21 11:05:12,88.0,74.7,40.2%
12/10/21 11:05:23,88.0,74.7,40.3%
12/10/21 11:05:34,88.0,74.7,40.3%
12/10/21 11:05:45,88.0,74.7,40.3%
12/10/21 11:05:56,88.0,74.7,40.3%
12/10/21 11:06:10,88.0,74.7,40.1%
12/10/21 11:06:21,88.0,74.7,40.2%
12/10/21 11:06:32,88.0,74.7,40.3%
12/10/21 11:06:43,88.0,74.7,40.3%
12/10/21 11:06:54,87.8,74.5,40.3%
12/10/21 11:07:09,88.0,74.5,40.4%
12/10/21 11:07:24,88.0,74.5,40.3%
12/10/21 11:07:41,87.8,74.5,40.5%
12/10/21 11:07:56,88.0,74.7,41.0%
12/10/21 11:08:07,87.8,74.8,41.7%
12/10/21 11:08:18,87.8,75.0,42.2%
12/10/21 11:08:32,87.8,75.2,43.4%
12/10/21 11:08:46,87.8,75.2,43.5%
12/10/21 11:08:57,88.0,75.4,44.1%
12/10/21 11:09:10,87.8,75.7,44.4%
12/10/21 11:09:25,87.8,75.9,44.9%
12/10/21 11:09:42,87.8,76.1,44.8%
12/10/21 11:09:56,87.8,76.3,44.1%
12/10/21 11:10:17,87.8,76.3,43.8%
12/10/21 11:10:31,87.8,76.5,43.8%
12/10/21 11:10:46,87.8,76.5,43.4%
12/10/21 11:11:04,87.8,76.5,43.1%
12/10/21 11:11:19,87.8,76.5,42.9%
12/10/21 11:11:34,87.8,76.5,42.7%
12/10/21 11:11:49,88.0,76.5,42.5%
12/10/21 11:12:04,87.8,76.5,42.3%
12/10/21 11:12:21,88.0,76.5,42.2%
12/10/21 11:12:36,87.8,76.5,42.0%
12/10/21 11:12:51,88.0,76.5,41.9%
12/10/21 11:13:06,88.0,76.5,41.7%
12/10/21 11:13:21,88.0,76.5,41.7%
12/10/21 11:13:36,88.0,76.5,41.6%
12/10/21 11:13:54,88.0,76.3,41.3%
12/10/21 11:14:09,88.2,76.3,41.4%
12/10/21 11:14:23,88.0,76.3,41.4%
12/10/21 11:14:38,88.0,76.3,41.3%
12/10/21 11:14:55,88.0,76.3,41.2%
12/10/21 11:15:12,88.2,76.3,41.2%
12/10/21 11:15:27,88.2,76.3,41.1%
12/10/21 11:15:42,88.0,76.1,41.0%
12/10/21 11:15:58,88.2,76.1,41.0%
12/10/21 11:16:15,88.2,76.1,41.0%
12/10/21 11:16:30,88.2,76.1,41.0%
12/10/21 11:16:45,88.2,76.1,40.9%
12/10/21 11:17:00,88.2,76.1,41.0%
12/10/21 11:17:15,88.2,75.9,40.9%
12/10/21 11:17:30,88.2,75.9,40.9%
12/10/21 11:17:45,88.2,75.9,40.9%
12/10/21 11:18:00,88.2,75.9,40.8%
12/10/21 11:18:15,88.2,75.9,40.8%
12/10/21 11:18:30,88.2,75.9,40.9%
12/10/21 11:18:45,88.3,75.7,40.8%
12/10/21 11:18:59,88.3,75.7,40.8%
12/10/21 11:19:14,88.2,75.7,40.8%
12/10/21 11:19:29,88.2,75.7,40.7%
12/10/21 11:19:44,88.2,75.6,40.8%
12/10/21 11:20:02,88.2,75.6,40.8%
12/10/21 11:20:17,88.2,75.6,40.8%
12/10/21 11:20:32,88.2,75.6,40.8%
12/10/21 11:20:47,88.2,75.4,40.7%
12/10/21 11:21:01,88.3,75.4,40.7%
12/10/21 11:21:12,88.2,75.4,40.8%
12/10/21 11:21:23,88.2,75.4,40.8%
12/10/21 11:21:34,88.2,75.4,40.8%
12/10/21 11:21:45,88.3,75.4,40.8%
12/10/21 11:21:56,88.3,75.4,40.7%
12/10/21 11:22:07,88.3,75.2,40.7%
12/10/21 11:22:18,88.3,75.2,40.7%
12/10/21 11:22:32,88.2,75.2,40.8%
12/10/21 11:22:43,88.3,75.2,40.8%
12/10/21 11:22:54,88.3,75.2,40.7%
12/10/21 11:23:05,88.3,75.2,40.7%
12/10/21 11:23:16,88.3,75.2,40.8%
12/10/21 11:23:27,88.3,75.2,40.8%
12/10/21 11:23:38,88.2,75.0,40.8%
12/10/21 11:23:49,88.3,75.0,40.8%
12/10/21 11:24:00,88.2,75.0,40.8%
12/10/21 11:24:11,88.2,75.0,40.9%
12/10/21 11:24:23,88.2,75.0,40.8%
12/10/21 11:24:34,88.2,75.0,40.9%
12/10/21 11:24:45,88.2,75.0,40.9%
12/10/21 11:24:56,88.2,75.0,40.8%
12/10/21 11:25:07,88.2,74.8,40.8%
12/10/21 11:25:18,88.2,74.8,40.9%
12/10/21 11:25:29,88.2,74.8,40.9%
12/10/21 11:25:40,88.2,74.8,40.9%
12/10/21 11:25:51,88.2,74.8,40.8%
12/10/21 11:26:05,88.2,74.8,40.9%
12/10/21 11:26:16,88.2,74.8,40.9%
12/10/21 11:26:27,88.2,74.8,40.9%
12/10/21 11:26:40,88.2,74.8,41.0%
12/10/21 11:26:51,88.2,74.8,41.0%
12/10/21 11:27:02,88.2,74.8,40.9%
12/10/21 11:27:14,88.2,74.7,40.9%
12/10/21 11:27:25,88.2,74.7,40.9%
12/10/21 11:27:36,88.2,74.7,41.0%
12/10/21 11:27:47,88.2,74.7,40.9%
12/10/21 11:27:58,88.0,74.7,41.0%
12/10/21 11:28:09,88.0,74.7,41.0%
12/10/21 11:28:20,88.2,74.7,41.0%
12/10/21 11:28:31,88.2,74.7,41.1%
12/10/21 11:28:42,88.0,74.7,41.1%
12/10/21 11:28:53,88.0,74.7,41.1%
12/10/21 11:29:04,88.0,74.7,41.1%
12/10/21 11:29:15,88.0,74.5,41.1%
12/10/21 11:29:30,88.0,74.5,41.1%
12/10/21 11:29:45,88.0,74.5,41.0%
12/10/21 11:30:00,88.0,74.5,41.2%
12/10/21 11:30:15,87.8,74.7,41.6%
12/10/21 11:30:26,87.8,74.7,42.4%
12/10/21 11:30:37,87.8,74.8,43.0%
12/10/21 11:30:48,87.8,75.0,43.5%
12/10/21 11:30:59,87.8,75.2,43.9%
12/10/21 11:31:13,87.8,75.4,45.0%
12/10/21 11:31:24,87.8,75.4,45.0%
12/10/21 11:31:38,87.8,75.7,45.5%
12/10/21 11:31:53,87.8,75.9,46.0%
12/10/21 11:32:08,87.8,76.1,45.6%
12/10/21 11:32:22,87.8,76.3,44.9%
12/10/21 11:32:37,87.8,76.3,44.8%
12/10/21 11:32:52,88.0,76.5,44.8%
12/10/21 11:33:07,88.0,76.5,44.4%
12/10/21 11:33:22,88.0,76.5,44.0%
12/10/21 11:33:37,88.0,76.5,43.8%
12/10/21 11:33:52,88.0,76.5,43.5%
12/10/21 11:34:10,88.0,76.5,43.4%
12/10/21 11:34:27,88.0,76.6,43.2%
12/10/21 11:34:42,88.0,76.6,43.0%
12/10/21 11:34:57,88.0,76.5,42.8%
12/10/21 11:35:12,88.0,76.5,42.5%
12/10/21 11:35:27,88.0,76.5,42.5%
12/10/21 11:35:42,88.0,76.6,42.5%
12/10/21 11:36:00,88.0,76.5,42.2%
12/10/21 11:36:15,88.2,76.5,42.1%
12/10/21 11:36:30,88.2,76.5,42.1%
12/10/21 11:36:45,88.2,76.5,42.0%
12/10/21 11:36:59,88.2,76.5,41.9%
12/10/21 11:37:14,88.0,76.5,41.8%
12/10/21 11:37:29,88.0,76.5,41.7%
12/10/21 11:37:44,88.2,76.5,41.7%
12/10/21 11:38:02,88.2,76.3,41.6%
12/10/21 11:38:19,88.2,76.3,41.6%
12/10/21 11:38:34,88.2,76.3,41.6%
12/10/21 11:38:52,88.2,76.3,41.6%
12/10/21 11:39:07,88.2,76.3,41.5%
12/10/21 11:39:22,88.2,76.1,41.5%
12/10/21 11:39:37,88.2,76.1,41.4%
12/10/21 11:39:52,88.2,76.1,41.5%
12/10/21 11:40:07,88.2,76.1,41.4%
12/10/21 11:40:22,88.2,75.9,41.4%
12/10/21 11:40:37,88.2,75.9,41.3%
12/10/21 11:40:51,88.2,75.9,41.3%
12/10/21 11:41:07,88.3,75.9,41.3%
12/10/21 11:41:22,88.2,75.9,41.2%
12/10/21 11:41:37,88.3,75.9,41.3%
12/10/21 11:41:52,88.3,75.7,41.3%
12/10/21 11:42:07,88.3,75.7,41.2%
12/10/21 11:42:22,88.3,75.7,41.3%
12/10/21 11:42:37,88.3,75.7,41.3%
12/10/21 11:42:52,88.3,75.7,41.3%
12/10/21 11:43:07,88.3,75.6,41.2%
12/10/21 11:43:22,88.3,75.6,41.3%
12/10/21 11:43:37,88.3,75.6,41.3%
12/10/21 11:43:51,88.3,75.6,41.2%
12/10/21 11:44:06,88.3,75.4,41.2%
12/10/21 11:44:18,88.3,75.4,41.3%
12/10/21 11:44:29,88.3,75.4,41.3%
12/10/21 11:44:40,88.3,75.4,41.3%
12/10/21 11:44:51,88.3,75.4,41.3%
12/10/21 11:45:02,88.3,75.4,41.3%
12/10/21 11:45:13,88.3,75.4,41.3%
12/10/21 11:45:24,88.3,75.4,41.3%
12/10/21 11:45:35,88.3,75.4,41.4%
12/10/21 11:45:46,88.3,75.2,41.3%
12/10/21 11:45:57,88.3,75.2,41.3%
12/10/21 11:46:08,88.3,75.2,41.3%
12/10/21 11:46:19,88.3,75.2,41.3%
12/10/21 11:46:30,88.3,75.2,41.2%
12/10/21 11:46:44,88.3,75.2,41.1%
12/10/21 11:46:58,88.3,75.2,41.1%
12/10/21 11:47:09,88.3,75.2,41.1%
12/10/21 11:47:20,88.3,75.0,41.0%
12/10/21 11:47:31,88.3,75.0,41.0%
12/10/21 11:47:42,88.2,75.0,41.0%
12/10/21 11:47:53,88.3,75.0,41.1%
12/10/21 11:48:04,88.2,75.0,41.1%
12/10/21 11:48:15,88.3,75.0,41.1%
12/10/21 11:48:26,88.3,74.8,41.1%
12/10/21 11:48:37,88.3,74.8,41.3%
12/10/21 11:48:48,88.3,74.8,42.2%
12/10/21 11:48:59,88.2,74.8,42.9%
12/10/21 11:49:13,88.2,74.8,42.7%
12/10/21 11:49:24,88.2,74.8,42.7%
12/10/21 11:49:35,88.2,74.8,42.7%
12/10/21 11:49:46,88.2,74.8,42.8%
12/10/21 11:49:57,88.2,74.8,42.8%
12/10/21 11:50:08,88.2,74.8,42.8%
12/10/21 11:50:19,88.2,74.7,42.7%
12/10/21 11:50:30,88.2,74.7,42.7%
12/10/21 11:50:41,88.2,74.7,42.7%
12/10/21 11:50:55,88.2,74.7,42.7%
12/10/21 11:51:09,88.2,74.7,42.7%
12/10/21 11:51:20,88.2,74.7,42.6%
12/10/21 11:51:31,88.0,74.7,42.6%
12/10/21 11:51:42,88.2,74.7,42.6%
12/10/21 11:51:53,88.0,74.7,42.6%
12/10/21 11:52:04,88.0,74.7,42.6%
12/10/21 11:52:20,88.0,74.5,42.6%
12/10/21 11:53:53,88.2,74.5,42.6%
12/10/21 11:54:11,88.0,75.2,45.5%
12/10/21 11:54:22,88.0,75.4,46.2%
12/10/21 11:54:33,88.0,75.6,46.7%
12/10/21 11:54:50,87.8,75.7,47.0%
12/10/21 11:55:06,88.0,76.1,46.4%
12/10/21 11:55:21,87.8,76.1,45.9%
12/10/21 11:55:36,88.0,76.3,45.8%
12/10/21 11:55:51,88.0,76.3,45.8%
12/10/21 11:56:06,88.0,76.3,45.8%
12/10/21 11:56:21,88.0,76.3,45.3%
12/10/21 11:56:36,88.2,76.3,45.0%
12/10/21 11:56:51,88.2,76.5,44.9%
12/10/21 11:57:06,88.0,76.5,44.6%
12/10/21 11:57:21,88.0,76.5,44.4%
12/10/21 11:57:36,88.2,76.5,44.2%
12/10/21 11:57:51,88.2,76.5,44.0%
12/10/21 11:58:06,88.2,76.5,43.9%
12/10/21 11:58:21,88.2,76.3,43.8%
12/10/21 11:58:36,88.2,76.5,43.6%
12/10/21 11:58:51,88.2,76.5,43.4%
12/10/21 11:59:08,88.2,76.3,43.4%
12/10/21 11:59:23,88.2,76.3,43.1%
12/10/21 11:59:41,88.2,76.3,43.1%
12/10/21 12:00:00,88.2,76.3,43.1%
12/10/21 12:00:19,88.2,76.3,42.9%
12/10/21 12:00:35,88.3,76.3,42.7%
12/10/21 12:00:52,88.2,76.1,42.2%
12/10/21 12:01:11,88.3,76.1,42.2%
12/10/21 12:01:32,88.3,76.1,42.6%
12/10/21 12:01:49,88.3,75.9,42.6%
12/10/21 12:02:05,88.3,75.9,42.8%
12/10/21 12:02:20,88.3,75.9,42.9%
12/10/21 12:02:35,88.3,75.9,42.9%
12/10/21 12:02:51,88.5,75.9,42.9%
12/10/21 12:03:06,88.3,75.9,42.8%
12/10/21 12:03:21,88.5,75.9,42.8%
12/10/21 12:03:36,88.5,75.7,42.8%
12/10/21 12:03:52,88.5,75.7,42.7%
12/10/21 12:04:07,88.5,75.7,42.7%
12/10/21 12:04:25,88.5,75.7,42.7%
12/10/21 12:04:40,88.5,75.7,42.7%
12/10/21 12:04:55,88.5,75.7,42.7%
12/10/21 12:05:10,88.5,75.6,42.7%
12/10/21 12:05:26,88.5,75.6,42.6%
12/10/21 12:05:43,88.5,75.6,42.7%
12/10/21 12:05:59,88.5,75.6,42.6%
12/10/21 12:06:14,88.5,75.4,42.5%
12/10/21 12:06:25,88.5,75.4,42.5%
12/10/21 12:06:36,88.5,75.4,42.5%
12/10/21 12:06:47,88.5,75.4,42.4%
12/10/21 12:06:58,88.5,75.4,42.4%
12/10/21 12:07:09,88.5,75.4,42.1%
12/10/21 12:07:20,88.5,75.4,42.0%
12/10/21 12:07:37,88.5,75.2,42.0%
12/10/21 12:07:50,88.5,75.2,42.9%
12/10/21 12:08:01,88.5,75.2,42.9%
12/10/21 12:08:12,88.5,75.2,43.0%
12/10/21 12:08:23,88.5,75.2,43.0%
12/10/21 12:08:34,88.5,75.2,43.0%
12/10/21 12:08:45,88.5,75.2,43.0%
12/10/21 12:08:57,88.5,75.2,43.0%
12/10/21 12:09:08,88.5,75.2,42.9%
12/10/21 12:09:19,88.5,75.2,42.9%
12/10/21 12:09:30,88.5,75.0,42.9%
12/10/21 12:09:43,88.3,75.0,42.8%
12/10/21 12:09:54,88.3,75.0,42.9%
12/10/21 12:10:05,88.3,75.0,42.9%
12/10/21 12:10:17,88.3,75.0,42.9%
12/10/21 12:10:28,88.3,75.0,42.8%
12/10/21 12:10:39,88.3,75.0,42.8%
12/10/21 12:10:50,88.3,75.0,42.9%
12/10/21 12:11:01,88.3,74.8,42.8%
12/10/21 12:11:14,88.3,74.8,42.8%
12/10/21 12:11:25,88.2,74.8,42.8%
12/10/21 12:11:37,88.2,74.8,42.8%
12/10/21 12:11:48,88.3,74.8,42.8%
12/10/21 12:11:59,88.2,74.8,42.7%
12/10/21 12:12:10,88.3,74.8,42.7%
12/10/21 12:12:21,88.3,74.8,42.7%
12/10/21 12:12:32,88.2,74.8,42.8%
12/10/21 12:12:43,88.2,74.8,42.7%
12/10/21 12:12:54,88.2,74.7,42.7%
12/10/21 12:13:05,88.2,74.7,42.6%
12/10/21 12:13:16,88.2,74.7,42.6%
12/10/21 12:13:27,88.2,74.7,42.6%
12/10/21 12:13:38,88.2,74.7,42.6%
12/10/21 12:13:49,88.2,74.7,42.6%
12/10/21 12:14:00,88.2,74.7,42.6%
12/10/21 12:14:11,88.2,74.7,42.7%
12/10/21 12:14:22,88.0,74.7,42.7%
12/10/21 12:14:34,88.0,74.7,42.6%
12/10/21 12:14:45,88.0,74.7,42.6%
12/10/21 12:14:56,87.8,74.5,42.6%
12/10/21 12:15:11,87.6,74.5,42.6%
12/10/21 12:15:26,87.4,74.5,42.7%
12/10/21 12:15:44,87.3,75.0,43.2%
12/10/21 12:15:55,87.1,75.0,43.2%
12/10/21 12:16:09,86.9,75.9,43.8%
12/10/21 12:16:29,86.9,76.5,44.0%
12/10/21 12:16:44,86.9,76.6,44.0%
12/10/21 12:16:59,86.7,76.8,44.0%
12/10/21 12:17:14,86.7,76.8,43.9%
12/10/21 12:17:29,86.7,76.8,43.7%
12/10/21 12:17:44,86.7,76.8,43.5%
12/10/21 12:18:01,86.5,77.0,43.1%
12/10/21 12:18:16,86.5,77.0,43.1%
12/10/21 12:18:31,86.5,77.0,42.9%
12/10/21 12:18:46,86.5,77.0,42.7%
12/10/21 12:19:04,86.5,77.2,42.4%
12/10/21 12:19:19,86.7,77.2,42.4%
12/10/21 12:19:34,86.7,77.2,42.2%
12/10/21 12:19:49,86.7,77.2,42.1%
12/10/21 12:20:04,86.7,77.2,42.0%
12/10/21 12:20:19,86.9,77.2,41.8%
12/10/21 12:20:34,86.9,77.4,41.8%
12/10/21 12:20:49,86.9,77.4,41.7%
12/10/21 12:21:04,86.9,77.4,41.5%
12/10/21 12:21:19,86.9,77.4,41.4%
12/10/21 12:21:34,86.9,77.4,41.3%
12/10/21 12:21:50,86.9,77.4,41.2%
12/10/21 12:22:12,86.9,77.4,41.0%
12/10/21 12:22:27,86.9,77.4,40.9%
12/10/21 12:22:42,87.1,77.4,40.9%
12/10/21 12:22:57,87.1,77.4,40.9%
12/10/21 12:23:12,86.9,77.4,40.8%
12/10/21 12:23:27,86.9,77.4,40.8%
12/10/21 12:23:42,86.9,77.5,40.8%
12/10/21 12:23:57,86.9,77.4,40.7%
12/10/21 12:24:12,86.9,77.4,40.7%
12/10/21 12:24:27,86.9,77.4,40.6%
12/10/21 12:24:42,86.9,77.4,40.6%
12/10/21 12:24:57,86.7,77.4,40.6%
12/10/21 12:25:16,86.7,77.4,40.6%
12/10/21 12:25:31,86.7,77.4,40.6%
12/10/21 12:25:49,86.7,77.4,40.6%
12/10/21 12:26:03,86.7,77.4,40.5%
12/10/21 12:26:24,86.5,77.4,40.5%
12/10/21 12:26:39,86.5,77.4,40.5%
12/10/21 12:26:54,86.5,77.2,40.5%
12/10/21 12:27:09,86.5,77.2,40.5%
12/10/21 12:27:24,86.4,77.2,40.5%
12/10/21 12:27:39,86.4,77.2,40.5%
12/10/21 12:27:54,86.4,77.2,40.5%
12/10/21 12:28:14,86.4,77.2,40.5%
12/10/21 12:28:31,86.2,77.2,40.5%
12/10/21 12:28:46,86.2,77.2,40.5%
12/10/21 12:29:01,86.2,77.0,40.5%
12/10/21 12:29:16,86.2,77.0,40.5%
12/10/21 12:29:31,86.0,77.0,40.5%
12/10/21 12:29:46,86.0,77.0,40.5%
12/10/21 12:30:01,86.0,77.0,40.5%
12/10/21 12:30:16,86.0,77.0,40.5%
12/10/21 12:30:32,85.8,76.8,40.5%
12/10/21 12:30:47,85.8,76.8,40.6%
12/10/21 12:31:02,85.8,76.8,40.6%
12/10/21 12:31:17,85.8,76.8,40.6%
12/10/21 12:31:32,85.8,76.8,40.6%
12/10/21 12:31:47,85.6,76.8,40.6%
12/10/21 12:32:02,85.6,76.8,40.7%
12/10/21 12:32:17,85.5,76.6,40.6%
12/10/21 12:32:32,85.5,76.6,40.7%
12/10/21 12:32:47,85.5,76.6,40.7%
12/10/21 12:33:02,85.5,76.6,40.7%
12/10/21 12:33:17,85.5,76.5,40.6%
12/10/21 12:33:32,85.3,76.5,40.6%
12/10/21 12:33:47,85.3,76.5,40.6%
12/10/21 12:34:02,85.3,76.5,40.7%
12/10/21 12:34:17,85.3,76.5,40.7%
12/10/21 12:34:31,85.3,76.5,40.7%
12/10/21 12:34:46,85.1,76.5,40.8%
12/10/21 12:35:02,85.1,76.5,40.8%
12/10/21 12:35:16,85.1,76.3,40.7%
12/10/21 12:35:31,85.1,76.3,40.8%
12/10/21 12:35:49,85.1,76.3,40.8%
12/10/21 12:36:04,84.9,76.3,40.8%
12/10/21 12:36:21,84.9,76.1,40.8%
12/10/21 12:36:36,84.9,76.3,40.9%
12/10/21 12:36:51,84.9,76.1,40.8%
12/10/21 12:37:06,84.9,76.1,40.8%
12/10/21 12:37:21,84.7,76.1,40.8%
12/10/21 12:37:36,84.7,76.1,40.9%
12/10/21 12:37:51,84.7,76.1,40.9%
12/10/21 12:38:06,84.7,76.1,40.9%
12/10/21 12:38:21,84.7,76.1,40.9%
12/10/21 12:38:39,84.6,75.9,40.9%
12/10/21 12:38:54,84.6,75.9,40.9%
12/10/21 12:39:12,84.6,75.9,41.0%
12/10/21 12:39:27,84.6,75.9,41.0%
12/10/21 12:39:42,84.4,75.9,41.0%
12/10/21 12:39:59,84.4,75.9,41.0%
12/10/21 12:40:14,84.4,75.9,41.0%
12/10/21 12:40:29,84.4,75.7,41.0%
12/10/21 12:40:44,84.4,75.7,41.0%
12/10/21 12:41:01,84.4,75.7,41.0%
12/10/21 12:41:16,84.2,75.7,41.1%
12/10/21 12:41:31,84.2,75.7,41.1%
12/10/21 12:41:46,84.2,75.7,41.1%
12/10/21 12:42:01,84.2,75.7,41.1%
12/10/21 12:42:16,84.2,75.7,41.1%
12/10/21 12:42:31,84.2,75.7,41.2%
12/10/21 12:42:46,84.2,75.6,41.1%
12/10/21 12:43:01,84.2,75.6,41.1%
12/10/21 12:43:17,84.2,75.6,41.2%
12/10/21 12:43:32,84.2,75.6,41.2%
12/10/21 12:43:48,84.0,75.6,41.2%
12/10/21 12:44:03,84.0,75.6,41.2%
12/10/21 12:44:20,84.0,75.6,41.2%
12/10/21 12:44:35,83.8,75.4,41.2%
12/10/21 12:44:46,83.8,75.4,41.2%
12/10/21 12:44:57,83.8,75.4,41.2%
12/10/21 12:45:08,83.8,75.4,41.2%
12/10/21 12:45:22,83.8,75.4,41.3%
12/10/21 12:45:33,83.8,75.4,41.3%
12/10/21 12:45:44,83.8,75.4,41.3%
12/10/21 12:45:55,83.7,75.4,41.3%
12/10/21 12:46:06,83.8,75.4,41.3%
12/10/21 12:46:17,83.7,75.4,41.3%
12/10/21 12:46:28,83.7,75.4,41.3%
12/10/21 12:46:39,83.7,75.4,41.3%
12/10/21 12:46:51,83.8,75.4,41.3%
12/10/21 12:47:02,83.7,75.4,41.3%
12/10/21 12:47:20,83.7,75.4,41.3%
12/10/21 12:47:31,83.7,75.2,41.3%
12/10/21 12:47:45,83.7,75.2,41.3%
12/10/21 12:47:56,83.7,75.2,41.3%
12/10/21 12:48:07,83.5,75.2,41.3%
12/10/21 12:48:18,83.5,75.2,41.3%
12/10/21 12:48:32,83.7,75.2,41.3%
12/10/21 12:48:45,83.5,75.2,41.3%
12/10/21 12:48:56,83.5,75.2,41.3%
12/10/21 12:49:07,83.5,75.2,41.4%
12/10/21 12:49:19,83.5,75.2,41.4%
12/10/21 12:49:32,83.5,75.2,41.4%
12/10/21 12:49:43,83.3,75.2,41.4%
12/10/21 12:49:54,83.5,75.2,41.4%
12/10/21 12:50:05,83.5,75.2,41.4%
12/10/21 12:50:19,83.3,75.0,41.3%
12/10/21 12:50:30,83.3,75.2,41.4%
12/10/21 12:50:41,83.3,75.2,41.4%
12/10/21 12:50:52,83.3,75.2,41.4%
12/10/21 12:51:06,83.3,75.2,41.4%
12/10/21 12:51:17,83.3,75.2,41.4%
12/10/21 12:51:28,83.3,75.0,41.4%
12/10/21 12:51:44,83.3,75.0,41.4%
12/10/21 12:51:58,83.1,75.0,41.4%
12/10/21 12:52:14,83.3,75.0,41.4%
12/10/21 12:52:25,83.3,75.0,41.4%
12/10/21 12:52:36,83.1,75.0,41.4%
12/10/21 12:52:47,83.1,75.0,41.4%
12/10/21 12:53:03,83.1,75.0,41.4%
12/10/21 12:53:14,83.1,75.0,41.4%
12/10/21 12:53:25,83.1,75.0,41.4%
12/10/21 12:53:36,83.1,75.0,41.4%
12/10/21 12:53:47,83.1,75.0,41.4%
12/10/21 12:53:58,83.1,75.0,41.4%
12/10/21 12:54:09,83.1,74.8,41.4%
12/10/21 12:54:26,83.1,74.8,41.4%
12/10/21 12:54:37,83.1,74.8,41.4%
12/10/21 12:54:48,82.9,74.8,41.4%
12/10/21 12:54:59,82.9,74.8,41.4%
12/10/21 12:55:12,82.9,74.8,41.5%
12/10/21 12:55:23,82.9,74.8,41.5%
12/10/21 12:55:34,82.9,74.8,41.5%
12/10/21 12:55:46,82.9,74.8,41.5%
12/10/21 12:55:59,82.9,74.8,41.5%
12/10/21 12:56:10,82.9,74.8,41.5%
12/10/21 12:56:21,82.9,74.8,41.5%
12/10/21 12:56:32,82.9,74.8,41.5%
12/10/21 12:56:43,82.9,74.8,41.5%
12/10/21 12:56:54,82.9,74.8,41.5%
12/10/21 12:57:06,82.8,74.8,41.5%
12/10/21 12:57:17,82.9,74.8,41.5%
12/10/21 12:57:30,82.8,74.8,41.5%
12/10/21 12:57:41,82.9,74.8,41.5%
12/10/21 12:57:52,82.8,74.8,41.5%
12/10/21 12:58:03,82.8,74.8,41.5%
12/10/21 12:58:14,82.8,74.8,41.5%
12/10/21 12:58:26,82.8,74.8,41.6%
12/10/21 12:58:37,82.8,74.8,41.6%
12/10/21 12:58:48,82.8,74.8,41.6%
12/10/21 12:59:01,82.8,74.8,41.6%
12/10/21 12:59:12,82.8,74.8,41.6%
12/10/21 12:59:23,82.8,74.8,41.6%
12/10/21 12:59:35,82.8,74.8,41.6%
12/10/21 12:59:46,82.8,74.8,41.6%
12/10/21 12:59:57,82.8,74.7,41.5%
12/10/21 13:00:08,82.6,74.7,41.5%
12/10/21 13:00:19,82.8,74.8,41.6%
12/10/21 13:00:32,82.8,74.7,41.5%
12/10/21 13:00:43,82.8,74.7,41.5%
12/10/21 13:00:54,82.8,74.8,41.6%
12/10/21 13:01:06,82.8,74.7,41.5%
12/10/21 13:01:17,82.6,74.7,41.5%
12/10/21 13:01:28,82.6,74.7,41.5%
12/10/21 13:01:39,82.6,74.7,41.6%
12/10/21 13:01:52,82.6,74.7,41.5%
12/10/21 13:02:03,82.6,74.7,41.6%
12/10/21 13:02:14,82.6,74.7,41.6%
12/10/21 13:02:26,82.6,74.7,41.6%
12/10/21 13:02:37,82.6,74.7,41.6%
12/10/21 13:02:48,82.6,74.7,41.6%
12/10/21 13:02:59,82.6,74.7,41.6%
12/10/21 13:03:10,82.6,74.7,41.6%
12/10/21 13:03:23,82.6,74.7,41.6%
12/10/21 13:03:34,82.6,74.7,41.6%
12/10/21 13:03:46,82.6,74.7,41.6%
12/10/21 13:03:57,82.6,74.7,41.6%
12/10/21 13:04:10,82.6,74.7,41.6%
12/10/21 13:04:21,82.6,74.7,41.6%
12/10/21 13:04:32,82.6,74.7,41.6%
12/10/21 13:04:43,82.6,74.7,41.6%
12/10/21 13:04:54,82.6,74.7,41.6%
12/10/21 13:05:06,82.6,74.7,41.6%
12/10/21 13:05:17,82.4,74.7,41.6%
12/10/21 13:05:28,82.4,74.7,41.6%
12/10/21 13:05:41,82.6,74.7,41.6%
12/10/21 13:05:52,82.4,74.7,41.6%
12/10/21 13:06:03,82.4,74.5,41.6%
12/10/21 13:06:18,82.4,74.7,41.6%
12/10/21 13:06:29,82.4,74.7,41.6%
12/10/21 13:06:41,82.4,74.7,41.7%
12/10/21 13:06:52,82.4,74.8,41.8%
12/10/21 13:07:03,82.6,75.2,42.1%
12/10/21 13:07:14,82.6,75.6,42.4%
12/10/21 13:07:29,82.6,76.1,42.7%
12/10/21 13:07:46,82.9,76.5,42.9%
12/10/21 13:08:01,82.8,76.8,42.9%
12/10/21 13:08:16,82.9,76.8,42.8%
12/10/21 13:08:31,82.9,76.8,42.7%
12/10/21 13:08:46,82.9,76.8,42.5%
12/10/21 13:09:01,82.9,76.8,42.2%
12/10/21 13:09:17,82.9,76.8,42.1%
12/10/21 13:09:32,83.1,77.0,41.9%
12/10/21 13:09:47,83.1,77.0,41.7%
12/10/21 13:10:02,83.1,77.0,41.6%
12/10/21 13:10:17,83.1,77.2,41.5%
12/10/21 13:10:32,83.3,77.2,41.3%
12/10/21 13:10:48,83.3,77.2,41.2%
12/10/21 13:11:03,83.3,77.2,41.1%
12/10/21 13:11:18,83.5,77.2,41.0%
12/10/21 13:11:33,83.3,77.2,40.9%
12/10/21 13:11:48,83.5,77.2,40.9%
12/10/21 13:12:03,83.5,77.2,40.8%
12/10/21 13:12:21,83.7,77.2,40.7%
12/10/21 13:12:36,83.5,77.2,40.6%
12/10/21 13:12:54,83.5,77.2,40.6%
12/10/21 13:13:09,83.5,77.0,40.4%
12/10/21 13:13:24,83.7,77.0,40.3%
12/10/21 13:13:39,83.7,77.0,40.3%
12/10/21 13:13:54,83.7,77.0,40.3%
12/10/21 13:14:14,83.7,77.0,40.3%
12/10/21 13:14:37,83.7,76.8,40.2%
12/10/21 13:14:52,83.7,76.8,40.2%
12/10/21 13:15:07,83.7,76.8,40.2%
12/10/21 13:15:22,83.8,76.8,40.2%
12/10/21 13:15:37,83.7,76.8,40.3%
12/10/21 13:15:55,83.7,76.8,40.3%
12/10/21 13:16:10,83.8,76.8,40.3%
12/10/21 13:16:25,83.7,76.6,40.2%
12/10/21 13:16:40,83.8,76.6,40.3%
12/10/21 13:16:55,83.8,76.6,40.3%
12/10/21 13:17:10,83.8,76.6,40.3%
12/10/21 13:17:26,83.8,76.5,40.2%
12/10/21 13:17:41,83.8,76.5,40.3%
12/10/21 13:17:56,83.8,76.5,40.3%
12/10/21 13:18:13,83.8,76.5,40.4%
12/10/21 13:18:28,83.8,76.5,40.4%
12/10/21 13:18:44,83.8,76.5,40.4%
12/10/21 13:19:01,83.8,76.3,40.4%
12/10/21 13:19:16,83.8,76.3,40.4%
12/10/21 13:19:31,83.8,76.3,40.4%
12/10/21 13:19:46,83.8,76.3,40.4%
12/10/21 13:20:01,83.8,76.3,40.5%
12/10/21 13:20:16,83.8,76.3,40.5%
12/10/21 13:20:31,83.8,76.1,40.4%
12/10/21 13:20:46,83.7,76.1,40.5%
12/10/21 13:21:01,83.8,76.1,40.5%
12/10/21 13:21:16,83.8,76.1,40.5%
12/10/21 13:21:31,83.7,76.1,40.5%
12/10/21 13:21:46,83.8,76.1,40.5%
12/10/21 13:22:01,83.7,75.9,40.5%
12/10/21 13:22:16,83.7,75.9,40.5%
12/10/21 13:22:33,83.7,75.9,40.5%
12/10/21 13:22:48,83.7,75.9,40.5%
12/10/21 13:23:03,83.7,75.9,40.6%
12/10/21 13:23:18,83.7,75.9,40.6%
12/10/21 13:23:33,83.7,75.9,40.6%
12/10/21 13:23:48,83.7,75.9,40.6%
12/10/21 13:24:03,83.7,75.7,40.6%
12/10/21 13:24:21,83.7,75.7,40.6%
12/10/21 13:24:36,83.7,75.7,40.6%
12/10/21 13:24:51,83.7,75.7,40.6%
12/10/21 13:25:06,83.7,75.7,40.7%
12/10/21 13:25:21,83.7,75.7,40.7%
12/10/21 13:25:36,83.7,75.7,40.7%
12/10/21 13:25:53,83.7,75.6,40.7%
12/10/21 13:26:11,83.5,75.6,40.7%
12/10/21 13:26:26,83.5,75.6,40.7%
12/10/21 13:26:41,83.5,75.6,40.7%
12/10/21 13:26:56,83.5,75.6,40.7%
12/10/21 13:27:13,83.7,75.6,40.8%
12/10/21 13:27:29,83.5,75.6,40.8%
12/10/21 13:27:44,83.5,75.6,40.8%
12/10/21 13:28:06,83.5,75.4,40.8%
12/10/21 13:28:20,83.5,75.4,40.8%
12/10/21 13:28:31,83.5,75.4,40.8%
12/10/21 13:28:45,83.5,75.4,40.8%
12/10/21 13:28:56,83.5,75.4,40.8%
12/10/21 13:29:07,83.5,75.4,40.8%
12/10/21 13:29:20,83.5,75.4,40.8%
12/10/21 13:29:31,83.5,75.4,40.9%
12/10/21 13:29:45,83.5,75.4,40.9%
12/10/21 13:29:56,83.5,75.4,40.9%
12/10/21 13:30:07,83.5,75.4,40.9%
12/10/21 13:30:18,83.5,75.4,40.9%
12/10/21 13:30:29,83.5,75.4,40.9%
12/10/21 13:30:40,83.3,75.4,40.9%
12/10/21 13:30:51,83.5,75.4,40.9%
12/10/21 13:31:02,83.3,75.4,40.9%
12/10/21 13:31:14,83.5,75.4,41.0%
12/10/21 13:31:25,83.5,75.4,41.0%
12/10/21 13:31:36,83.3,75.2,40.9%
12/10/21 13:31:47,83.3,75.2,40.9%
12/10/21 13:31:58,83.3,75.2,40.9%
12/10/21 13:32:09,83.3,75.2,40.9%
12/10/21 13:32:20,83.3,75.2,41.0%
12/10/21 13:32:31,83.3,75.2,41.0%
12/10/21 13:32:45,83.3,75.2,41.0%
12/10/21 13:32:56,83.3,75.2,41.0%
12/10/21 13:33:07,83.3,75.2,41.0%
12/10/21 13:33:18,83.3,75.2,41.0%
12/10/21 13:33:29,83.1,75.2,41.0%
12/10/21 13:33:40,83.1,75.2,41.0%
12/10/21 13:33:51,83.3,75.2,41.0%
12/10/21 13:34:02,83.1,75.2,41.0%
12/10/21 13:34:13,83.1,75.2,41.0%
12/10/21 13:34:24,83.1,75.2,41.0%
12/10/21 13:34:38,83.1,75.2,41.0%
12/10/21 13:34:49,83.1,75.2,41.0%
12/10/21 13:35:00,83.1,75.2,41.1%
12/10/21 13:35:11,83.1,75.2,41.0%
12/10/21 13:35:27,83.1,75.2,41.1%
12/10/21 13:35:41,83.1,75.2,41.1%
12/10/21 13:35:52,83.1,75.2,41.1%
12/10/21 13:36:03,83.1,75.2,41.1%
12/10/21 13:36:14,83.1,75.2,41.1%
12/10/21 13:36:25,82.9,75.2,41.1%
12/10/21 13:36:39,82.9,75.2,41.1%
12/10/21 13:36:50,82.9,75.0,41.0%
12/10/21 13:37:01,82.9,75.0,41.0%
12/10/21 13:37:14,82.9,75.0,41.0%
12/10/21 13:37:25,82.9,75.0,41.1%
12/10/21 13:37:36,82.9,75.0,41.1%
12/10/21 13:37:50,82.9,75.0,41.1%
12/10/21 13:38:01,82.9,75.0,41.1%
12/10/21 13:38:17,82.9,75.0,41.1%
12/10/21 13:38:28,82.9,75.0,41.1%
12/10/21 13:38:39,82.9,75.0,41.1%
12/10/21 13:38:50,82.9,75.0,41.1%
12/10/21 13:39:02,82.9,75.0,41.1%
12/10/21 13:39:13,82.9,75.0,41.1%
12/10/21 13:39:29,82.9,75.0,41.1%
12/10/21 13:39:42,82.9,75.0,41.1%
12/10/21 13:39:53,82.9,75.0,41.1%
12/10/21 13:40:04,82.9,75.0,41.1%
12/10/21 13:40:18,82.9,75.0,41.2%
12/10/21 13:40:32,82.9,75.0,41.2%
12/10/21 13:40:43,82.9,75.0,41.2%
12/10/21 13:40:54,82.9,75.0,41.2%
12/10/21 13:41:07,82.9,75.0,41.2%
12/10/21 13:41:18,82.8,75.0,41.2%
12/10/21 13:41:30,82.9,75.0,41.2%
12/10/21 13:41:41,82.9,75.0,41.2%
12/10/21 13:41:52,82.8,75.0,41.2%
12/10/21 13:42:03,82.8,75.0,41.2%
12/10/21 13:42:14,82.8,75.0,41.2%
12/10/21 13:42:27,82.8,75.0,41.2%
12/10/21 13:42:38,82.9,74.8,41.1%
12/10/21 13:42:50,82.8,74.8,41.2%
12/10/21 13:43:01,82.8,74.8,41.2%
12/10/21 13:43:12,82.8,74.8,41.2%
12/10/21 13:43:23,82.8,74.8,41.1%
12/10/21 13:43:34,82.8,74.8,41.2%
12/10/21 13:43:45,82.8,74.8,41.2%
12/10/21 13:43:56,82.8,74.8,41.2%
12/10/21 13:44:07,82.8,74.8,41.2%
12/10/21 13:44:18,82.8,74.8,41.2%
12/10/21 13:44:29,82.8,74.8,41.2%
12/10/21 13:44:40,82.8,74.8,41.2%
12/10/21 13:44:51,82.8,74.8,41.2%
12/10/21 13:45:02,82.8,74.8,41.2%
12/10/21 13:45:13,82.8,74.8,41.2%
12/10/21 13:45:24,82.8,74.8,41.2%
12/10/21 13:45:35,82.8,74.8,41.2%
12/10/21 13:45:49,82.8,74.8,41.2%
12/10/21 13:46:00,82.8,74.8,41.3%
12/10/21 13:46:11,82.6,74.8,41.3%
12/10/21 13:46:27,82.8,74.8,41.3%
12/10/21 13:46:38,82.8,74.8,41.3%
12/10/21 13:46:49,82.6,74.8,41.3%
12/10/21 13:47:01,82.8,74.8,41.3%
12/10/21 13:47:12,82.8,74.8,41.3%
12/10/21 13:47:28,82.6,74.8,41.3%
12/10/21 13:47:44,82.6,74.8,41.3%
12/10/21 13:47:55,82.6,74.8,41.3%
12/10/21 13:48:06,82.6,74.8,41.3%
12/10/21 13:48:17,82.6,74.8,41.3%
12/10/21 13:48:28,82.6,74.8,41.3%
12/10/21 13:48:39,82.6,74.8,41.3%
12/10/21 13:48:50,82.6,74.8,41.3%
12/10/21 13:49:01,82.6,74.8,41.3%
12/10/21 13:49:12,82.6,74.8,41.3%
12/10/21 13:49:23,82.6,74.8,41.3%
12/10/21 13:49:35,82.6,74.8,41.3%
12/10/21 13:49:46,82.6,74.8,41.3%
12/10/21 13:49:57,82.6,74.8,41.3%
12/10/21 13:50:08,82.6,74.7,41.3%
12/10/21 13:50:19,82.6,74.8,41.3%
12/10/21 13:50:30,82.6,74.8,41.3%
12/10/21 13:50:43,82.6,74.7,41.3%
12/10/21 13:50:55,82.6,74.7,41.3%
12/10/21 13:51:06,82.6,74.7,41.3%
12/10/21 13:51:17,82.6,74.7,41.3%
12/10/21 13:51:28,82.6,74.8,41.4%
12/10/21 13:51:39,82.6,74.7,41.3%
12/10/21 13:51:50,82.6,74.7,41.3%
12/10/21 13:52:06,82.6,74.7,41.3%
12/10/21 13:52:17,82.6,74.7,41.3%
12/10/21 13:52:28,82.6,74.7,41.3%
12/10/21 13:52:42,82.6,74.7,41.4%
12/10/21 13:52:53,82.6,74.7,41.3%
12/10/21 13:53:04,82.6,74.7,41.3%
12/10/21 13:53:15,82.6,74.7,41.3%
12/10/21 13:53:26,82.6,74.7,41.3%
12/10/21 13:53:37,82.4,74.7,41.3%
12/10/21 13:53:48,82.6,74.7,41.4%
12/10/21 13:53:59,82.4,74.7,41.3%
12/10/21 13:54:10,82.4,74.7,41.3%
12/10/21 13:54:21,82.4,74.7,41.4%
12/10/21 13:54:32,82.6,74.7,41.4%
12/10/21 13:54:43,82.4,74.7,41.4%
12/10/21 13:54:55,82.4,74.7,41.4%
12/10/21 13:55:06,82.4,74.7,41.4%
12/10/21 13:55:17,82.4,74.7,41.3%
12/10/21 13:55:28,82.4,74.7,41.4%
12/10/21 13:55:39,82.4,74.7,41.4%
12/10/21 13:55:50,82.4,74.7,41.4%
12/10/21 13:56:01,82.4,74.7,41.4%
12/10/21 13:56:12,82.4,74.7,41.4%
12/10/21 13:56:23,82.4,74.7,41.4%
12/10/21 13:56:34,82.4,74.7,41.4%
12/10/21 13:56:48,82.4,74.7,41.4%
12/10/21 13:57:01,82.4,74.7,41.4%
12/10/21 13:57:12,82.4,74.7,41.4%
12/10/21 13:57:23,82.4,74.7,41.4%
12/10/21 13:57:35,82.4,74.7,41.4%
12/10/21 13:57:46,82.4,74.7,41.4%
12/10/21 13:57:57,82.4,74.7,41.4%
12/10/21 13:58:08,82.4,74.7,41.4%
12/10/21 13:58:19,82.4,74.7,41.4%
12/10/21 13:58:30,82.4,74.7,41.4%
12/10/21 13:58:41,82.4,74.7,41.4%
12/10/21 13:58:52,82.4,74.7,41.4%
12/10/21 13:59:03,82.4,74.7,41.4%
12/10/21 13:59:14,82.4,74.7,41.4%
12/10/21 13:59:25,82.4,74.7,41.4%
12/10/21 13:59:36,82.4,74.7,41.4%
12/10/21 13:59:47,82.4,74.7,41.4%
12/10/21 13:59:58,82.4,74.7,41.4%
12/10/21 14:00:09,82.4,74.7,41.4%
12/10/21 14:00:21,82.4,74.5,41.4%
12/10/21 14:00:36,82.4,74.7,41.4%
12/10/21 14:00:47,82.2,74.7,41.4%
12/10/21 14:00:58,82.2,74.7,41.5%
12/10/21 14:01:09,82.4,74.8,41.6%
12/10/21 14:01:22,82.4,75.6,42.1%
12/10/21 14:01:37,82.4,75.6,42.2%
12/10/21 14:01:52,82.6,76.1,42.4%
12/10/21 14:02:07,82.8,76.3,42.5%
12/10/21 14:02:22,82.8,76.5,42.5%
12/10/21 14:02:37,82.8,76.5,42.4%
12/10/21 14:02:55,82.9,76.5,42.3%
12/10/21 14:03:09,82.8,76.5,42.1%
12/10/21 14:03:24,82.9,76.6,41.9%
12/10/21 14:03:39,82.9,76.6,41.8%
12/10/21 14:03:57,82.9,76.6,41.6%
12/10/21 14:04:12,83.1,76.6,41.5%
12/10/21 14:04:30,83.1,76.8,41.2%
12/10/21 14:04:45,83.1,76.8,41.2%
12/10/21 14:05:00,83.1,76.8,41.1%
12/10/21 14:05:15,83.1,76.8,41.0%
12/10/21 14:05:30,83.1,76.8,40.9%
12/10/21 14:05:45,83.3,76.8,40.8%
12/10/21 14:06:00,83.3,76.8,40.8%
12/10/21 14:06:15,83.3,76.8,40.7%
12/10/21 14:06:30,83.3,76.8,40.6%
12/10/21 14:06:47,83.3,76.8,40.6%
12/10/21 14:07:02,83.3,76.8,40.5%
12/10/21 14:07:17,83.3,76.8,40.5%
12/10/21 14:07:32,83.3,76.8,40.4%
12/10/21 14:07:47,83.5,76.6,40.3%
12/10/21 14:08:02,83.5,76.6,40.3%
12/10/21 14:08:20,83.5,76.6,40.3%
12/10/21 14:08:35,83.5,76.6,40.3%
12/10/21 14:08:50,83.5,76.6,40.3%
12/10/21 14:09:05,83.5,76.6,40.3%
12/10/21 14:09:20,83.5,76.5,40.2%
12/10/21 14:09:35,83.5,76.5,40.2%
12/10/21 14:09:53,83.5,76.5,40.3%
12/10/21 14:10:08,83.5,76.5,40.3%
12/10/21 14:10:23,83.5,76.5,40.3%
12/10/21 14:10:40,83.7,76.5,40.3%
12/10/21 14:10:55,83.5,76.5,40.3%
12/10/21 14:11:10,83.5,76.3,40.3%
12/10/21 14:11:25,83.5,76.3,40.3%
12/10/21 14:11:40,83.5,76.3,40.4%
12/10/21 14:11:55,83.5,76.3,40.4%
12/10/21 14:12:10,83.5,76.1,40.3%
12/10/21 14:12:25,83.5,76.1,40.4%
12/10/21 14:12:40,83.5,76.1,40.4%
12/10/21 14:12:56,83.5,76.1,40.4%
12/10/21 14:13:11,83.7,76.1,40.5%
12/10/21 14:13:26,83.7,76.1,40.5%
12/10/21 14:13:41,83.5,76.1,40.5%
12/10/21 14:13:56,83.5,75.9,40.5%
12/10/21 14:14:13,83.5,75.9,40.5%
12/10/21 14:14:28,83.5,75.9,40.5%
12/10/21 14:14:44,83.5,75.9,40.5%
12/10/21 14:14:59,83.5,75.9,40.5%
12/10/21 14:15:14,83.5,75.9,40.5%
12/10/21 14:15:29,83.5,75.7,40.5%
12/10/21 14:15:49,83.5,75.7,40.6%
12/10/21 14:16:09,83.5,75.7,40.6%
12/10/21 14:16:27,83.5,75.7,40.6%
12/10/21 14:16:42,83.5,75.7,40.6%
12/10/21 14:16:57,83.5,75.7,40.6%
12/10/21 14:17:14,83.5,75.6,40.6%
12/10/21 14:17:29,83.5,75.6,40.7%
12/10/21 14:17:44,83.5,75.6,40.7%
12/10/21 14:18:01,83.5,75.6,40.7%
12/10/21 14:18:16,83.5,75.6,40.7%
12/10/21 14:18:31,83.5,75.6,40.7%
12/10/21 14:18:46,83.5,75.6,40.8%
12/10/21 14:19:04,83.3,75.4,40.7%
12/10/21 14:19:15,83.3,75.4,40.7%
12/10/21 14:19:26,83.5,75.4,40.7%
12/10/21 14:19:37,83.3,75.4,40.7%
12/10/21 14:19:48,83.3,75.4,40.8%
12/10/21 14:19:59,83.3,75.4,40.8%
12/10/21 14:20:10,83.3,75.4,40.8%
12/10/21 14:20:24,83.3,75.4,40.8%
12/10/21 14:20:35,83.3,75.4,40.8%
12/10/21 14:20:46,83.5,75.4,40.8%
12/10/21 14:20:57,83.3,75.4,40.9%
12/10/21 14:21:16,83.3,75.4,40.9%
12/10/21 14:21:29,83.3,75.4,40.9%
12/10/21 14:21:43,83.3,75.2,40.9%
12/10/21 14:21:54,83.3,75.4,40.9%
12/10/21 14:22:05,83.3,75.4,40.9%
12/10/21 14:22:16,83.3,75.4,40.9%
12/10/21 14:22:30,83.3,75.2,40.9%
12/10/21 14:22:41,83.3,75.2,40.9%
12/10/21 14:22:52,83.1,75.2,40.9%
12/10/21 14:23:03,83.3,75.2,40.9%
12/10/21 14:23:14,83.1,75.2,40.9%
12/10/21 14:23:28,83.1,75.2,40.9%
12/10/21 14:23:39,83.1,75.2,40.9%
12/10/21 14:23:50,83.1,75.2,40.9%
12/10/21 14:24:01,83.1,75.2,40.9%
12/10/21 14:24:14,83.1,75.2,41.0%
12/10/21 14:24:25,83.1,75.2,41.0%
12/10/21 14:24:36,83.1,75.2,41.0%
12/10/21 14:24:48,83.1,75.2,41.0%
12/10/21 14:24:59,83.1,75.2,41.0%
12/10/21 14:25:12,83.1,75.2,41.0%
12/10/21 14:25:23,82.9,75.2,41.0%
12/10/21 14:25:37,82.9,75.2,41.0%
12/10/21 14:25:48,82.9,75.0,41.0%
12/10/21 14:25:59,82.9,75.0,41.0%
12/10/21 14:26:13,82.9,75.0,41.0%
12/10/21 14:26:26,82.9,75.2,41.1%
12/10/21 14:26:37,82.9,75.0,41.0%
12/10/21 14:26:48,82.9,75.0,41.0%
12/10/21 14:26:59,82.9,75.0,41.0%
12/10/21 14:27:10,82.9,75.0,41.0%
12/10/21 14:27:27,82.9,75.0,41.0%
12/10/21 14:27:40,82.9,75.0,41.1%
12/10/21 14:27:51,82.9,75.0,41.1%
12/10/21 14:28:02,82.9,75.0,41.1%
12/10/21 14:28:13,82.9,75.0,41.1%
12/10/21 14:28:24,82.9,75.0,41.1%
12/10/21 14:28:35,82.9,75.0,41.1%
12/10/21 14:28:49,82.8,75.0,41.1%
12/10/21 14:29:05,82.8,75.0,41.1%
12/10/21 14:29:16,82.8,75.0,41.1%
12/10/21 14:29:27,82.8,75.0,41.1%
12/10/21 14:29:38,82.8,74.8,41.1%
12/10/21 14:29:49,82.8,74.8,41.1%
12/10/21 14:30:03,82.8,74.8,41.1%
12/10/21 14:30:17,82.8,74.8,41.1%
12/10/21 14:30:28,82.8,74.8,41.1%
12/10/21 14:30:39,82.8,74.8,41.1%
12/10/21 14:30:50,82.8,74.8,41.1%
12/10/21 14:31:01,82.8,74.8,41.1%
12/10/21 14:31:12,82.8,74.8,41.1%
12/10/21 14:31:23,82.8,74.8,41.1%
12/10/21 14:31:34,82.8,74.8,41.1%
12/10/21 14:31:45,82.8,74.8,41.1%
12/10/21 14:31:56,82.8,74.8,41.1%
12/10/21 14:32:15,82.8,74.7,41.1%
12/10/21 14:32:26,82.8,74.8,41.2%
12/10/21 14:32:37,82.6,74.8,41.2%
12/10/21 14:32:48,82.6,74.8,41.2%
12/10/21 14:32:59,82.8,74.8,41.2%
12/10/21 14:33:10,82.6,74.8,41.2%
12/10/21 14:33:21,82.6,74.8,41.2%
12/10/21 14:33:32,82.6,74.8,41.2%
12/10/21 14:33:43,82.6,74.8,41.2%
12/10/21 14:33:57,82.8,74.8,41.2%
12/10/21 14:34:08,82.6,74.8,41.2%
12/10/21 14:34:19,82.6,74.8,41.2%
12/10/21 14:34:30,82.6,74.7,41.2%
12/10/21 14:34:44,82.6,74.8,41.3%
12/10/21 14:34:55,82.6,74.8,41.3%
12/10/21 14:35:06,82.6,74.8,41.3%
12/10/21 14:35:17,82.6,74.7,41.2%
12/10/21 14:35:31,82.6,74.7,41.2%
12/10/21 14:35:44,82.6,74.7,41.2%
12/10/21 14:35:55,82.6,74.7,41.2%
12/10/21 14:36:06,82.6,74.7,41.2%
12/10/21 14:36:17,82.6,74.7,41.2%
12/10/21 14:36:29,82.4,74.7,41.2%
12/10/21 14:36:40,82.6,74.7,41.3%
12/10/21 14:36:51,82.6,74.7,41.3%
12/10/21 14:37:02,82.4,74.7,41.3%
12/10/21 14:37:13,82.4,74.7,41.3%
12/10/21 14:37:24,82.4,74.7,41.3%
12/10/21 14:37:35,82.4,74.7,41.3%
12/10/21 14:37:46,82.4,74.7,41.3%
12/10/21 14:37:57,82.4,74.7,41.3%
12/10/21 14:38:08,82.4,74.7,41.3%
12/10/21 14:38:19,82.4,74.7,41.3%
12/10/21 14:38:40,82.4,74.7,41.3%
12/10/21 14:38:51,82.4,74.7,41.3%
12/10/21 14:39:03,82.4,74.7,41.3%
12/10/21 14:39:21,82.4,74.7,41.3%
12/10/21 14:39:40,82.4,74.7,41.3%
12/10/21 14:39:51,82.4,74.7,41.3%
12/10/21 14:40:02,82.4,74.7,41.3%
12/10/21 14:40:13,82.4,74.7,41.3%
12/10/21 14:40:24,82.4,74.7,41.3%
12/10/21 14:40:38,82.4,74.7,41.3%
12/10/21 14:40:49,82.4,74.7,41.3%
12/10/21 14:41:02,82.4,74.7,41.3%
12/10/21 14:41:16,82.4,74.7,41.3%
12/10/21 14:41:27,82.4,74.7,41.3%
12/10/21 14:41:41,82.2,74.7,41.3%
12/10/21 14:41:52,82.2,74.7,41.3%
12/10/21 14:42:03,82.2,74.7,41.3%
12/10/21 14:42:14,82.4,74.7,41.3%
12/10/21 14:42:25,82.2,74.5,41.3%
12/10/21 14:42:40,82.2,74.7,41.3%
12/10/21 14:42:51,82.4,74.7,41.4%
12/10/21 14:43:07,82.4,74.7,41.4%
12/10/21 14:43:18,82.2,75.0,41.7%
12/10/21 14:43:29,82.4,75.4,42.0%
12/10/21 14:43:43,82.6,75.7,42.2%
12/10/21 14:43:58,82.6,76.3,42.5%
12/10/21 14:44:13,82.6,76.8,42.7%
12/10/21 14:44:28,82.8,77.0,42.7%
12/10/21 14:44:43,82.8,77.2,42.6%
12/10/21 14:44:58,82.8,77.2,42.4%
12/10/21 14:45:13,82.9,77.2,42.2%
12/10/21 14:45:28,82.9,77.2,42.0%
12/10/21 14:45:43,82.9,77.2,41.7%
12/10/21 14:45:58,83.1,77.2,41.5%
12/10/21 14:46:13,83.3,77.2,41.4%
12/10/21 14:46:28,83.5,77.2,41.2%
12/10/21 14:46:43,83.5,77.2,41.1%
12/10/21 14:46:58,83.7,77.2,40.9%
12/10/21 14:47:13,83.8,77.2,40.9%
12/10/21 14:47:28,83.8,77.2,40.9%
12/10/21 14:47:43,84.0,77.2,40.8%
12/10/21 14:47:58,84.2,77.2,40.8%
12/10/21 14:48:13,84.4,77.0,40.7%
12/10/21 14:48:28,84.4,77.0,40.7%
12/10/21 14:48:43,84.6,77.0,40.6%
12/10/21 14:48:58,84.6,77.0,40.5%
12/10/21 14:49:13,84.7,76.8,40.5%
12/10/21 14:49:28,84.9,76.8,40.5%
12/10/21 14:49:43,84.9,76.8,40.5%
12/10/21 14:49:58,85.1,76.8,40.5%
12/10/21 14:50:16,85.1,76.6,40.4%
12/10/21 14:50:31,85.3,76.6,40.4%
12/10/21 14:50:46,85.3,76.6,40.3%
12/10/21 14:51:02,85.5,76.5,40.3%
12/10/21 14:51:17,85.5,76.5,40.3%
12/10/21 14:51:32,85.5,76.5,40.3%
12/10/21 14:51:47,85.6,76.5,40.4%
12/10/21 14:52:02,85.6,76.5,40.4%
12/10/21 14:52:17,85.8,76.3,40.3%
12/10/21 14:52:32,85.8,76.3,40.3%
12/10/21 14:52:47,86.0,76.3,40.2%
12/10/21 14:53:04,86.0,76.1,40.5%
12/10/21 14:53:19,86.0,76.1,40.5%
12/10/21 14:53:34,86.2,76.1,40.4%
12/10/21 14:53:49,86.2,75.9,40.2%
12/10/21 14:54:04,86.4,75.9,40.0%
12/10/21 14:54:19,86.4,75.9,39.8%
12/10/21 14:54:34,86.4,75.7,39.8%
12/10/21 14:54:51,86.5,75.7,39.8%
12/10/21 14:55:06,86.5,75.7,39.9%
12/10/21 14:55:24,86.5,75.6,39.9%
12/10/21 14:55:39,86.5,75.4,39.9%
12/10/21 14:55:50,86.7,75.6,40.0%
12/10/21 14:56:05,86.7,75.4,39.9%
12/10/21 14:56:16,86.7,75.4,40.0%
12/10/21 14:56:27,86.7,75.4,40.1%
12/10/21 14:56:40,86.9,75.2,40.2%
12/10/21 14:56:51,86.9,75.2,40.3%
12/10/21 14:57:02,86.9,75.2,40.3%
12/10/21 14:57:16,86.9,75.2,40.6%
12/10/21 14:57:27,86.9,75.2,40.8%
12/10/21 14:57:38,86.9,75.2,40.9%
12/10/21 14:57:49,86.9,75.0,40.7%
12/10/21 14:58:00,86.9,75.0,40.7%
12/10/21 14:58:11,87.1,75.0,40.7%
12/10/21 14:58:28,87.1,74.8,41.1%
12/10/21 14:58:39,87.1,75.0,41.1%
12/10/21 14:58:50,87.1,74.8,40.9%
12/10/21 14:59:01,87.1,74.8,41.0%
12/10/21 14:59:12,87.1,74.8,41.1%
12/10/21 14:59:23,87.1,74.8,41.1%
12/10/21 14:59:34,87.1,74.8,41.1%
12/10/21 14:59:48,87.1,74.8,41.1%
12/10/21 15:00:01,87.3,74.8,41.1%
12/10/21 15:00:12,87.3,74.8,41.2%
12/10/21 15:00:23,87.3,74.7,41.2%
12/10/21 15:00:34,87.3,74.7,41.2%
12/10/21 15:00:48,87.3,74.7,41.3%
12/10/21 15:00:59,87.3,74.7,41.3%
12/10/21 15:01:10,87.3,74.7,41.3%
12/10/21 15:01:21,87.3,74.7,41.3%
12/10/21 15:01:32,87.3,74.7,41.3%
12/10/21 15:01:43,87.3,74.7,41.3%
12/10/21 15:01:54,87.3,74.7,41.4%
12/10/21 15:02:08,87.3,74.7,41.3%
12/10/21 15:02:19,87.3,74.7,41.4%
12/10/21 15:02:30,87.3,74.5,41.4%
12/10/21 15:02:45,87.3,74.5,41.3%
12/10/21 15:03:00,87.3,74.5,41.4%
12/10/21 15:03:15,87.3,74.5,41.7%
12/10/21 15:03:30,87.3,74.7,42.1%
12/10/21 15:03:41,87.3,74.8,42.6%
12/10/21 15:03:52,87.3,75.0,43.2%
12/10/21 15:04:03,87.3,75.2,43.5%
12/10/21 15:04:14,87.3,75.4,43.9%
12/10/21 15:04:28,87.3,75.7,45.0%
12/10/21 15:04:43,87.3,75.7,45.1%
12/10/21 15:04:58,87.4,76.1,45.1%
12/10/21 15:05:13,87.3,76.3,44.3%
12/10/21 15:05:30,87.3,76.3,44.0%
12/10/21 15:05:45,87.4,76.3,43.9%
12/10/21 15:06:00,87.3,76.5,43.8%
12/10/21 15:06:15,87.3,76.5,43.7%
12/10/21 15:06:30,87.4,76.5,43.5%
12/10/21 15:06:46,87.4,76.5,43.4%
12/10/21 15:07:01,87.4,76.5,43.3%
12/10/21 15:07:16,87.4,76.5,43.2%
12/10/21 15:07:36,87.4,76.5,43.0%
12/10/21 15:07:56,87.4,76.5,42.9%
12/10/21 15:08:11,87.4,76.5,42.9%
12/10/21 15:08:26,87.4,76.5,42.7%
12/10/21 15:08:41,87.4,76.5,42.7%
12/10/21 15:08:58,87.6,76.3,42.4%
12/10/21 15:09:13,87.6,76.5,42.5%
12/10/21 15:09:28,87.6,76.5,42.4%
12/10/21 15:09:43,87.4,76.3,42.2%
12/10/21 15:09:58,87.6,76.3,42.1%
12/10/21 15:10:13,87.6,76.3,42.1%
12/10/21 15:10:28,87.6,76.3,42.1%
12/10/21 15:10:43,87.6,76.3,42.0%
12/10/21 15:10:58,87.6,76.3,41.9%
12/10/21 15:11:16,87.6,76.3,41.8%
12/10/21 15:11:31,87.6,76.3,41.8%
12/10/21 15:11:46,87.8,76.1,41.9%
12/10/21 15:12:01,87.8,76.1,42.7%
12/10/21 15:12:16,87.8,76.1,43.0%
12/10/21 15:12:31,87.8,76.1,42.6%
12/10/21 15:12:48,87.8,75.9,42.5%
12/10/21 15:13:03,87.8,75.9,42.5%
12/10/21 15:13:26,88.0,75.9,43.3%
12/10/21 15:13:43,87.8,75.9,43.3%
12/10/21 15:13:58,87.8,75.9,43.0%
12/10/21 15:14:13,88.0,75.9,43.8%
12/10/21 15:14:28,88.0,75.7,43.9%
12/10/21 15:14:43,88.0,75.7,44.4%
12/10/21 15:14:58,88.0,75.7,44.8%
12/10/21 15:15:13,88.0,75.7,44.3%
12/10/21 15:15:28,88.0,75.7,44.6%
12/10/21 15:15:43,88.0,75.6,44.9%
12/10/21 15:15:58,88.0,75.6,45.0%
12/10/21 15:16:13,88.0,75.6,45.0%
12/10/21 15:16:30,88.2,75.6,45.1%
12/10/21 15:16:46,88.0,75.6,45.0%
12/10/21 15:17:03,88.2,75.6,45.6%
12/10/21 15:17:18,88.2,75.4,45.3%
12/10/21 15:17:29,88.0,75.4,45.2%
12/10/21 15:17:40,88.2,75.4,45.6%
12/10/21 15:17:51,88.0,75.4,45.8%
12/10/21 15:18:05,88.0,75.4,45.3%
12/10/21 15:18:16,88.2,75.4,45.6%
12/10/21 15:18:27,88.2,75.4,46.0%
12/10/21 15:18:38,88.2,75.4,46.4%
12/10/21 15:18:49,88.2,75.4,46.0%
12/10/21 15:19:00,88.2,75.4,46.5%
12/10/21 15:19:14,88.2,75.2,46.7%
12/10/21 15:19:25,88.2,75.2,46.8%
12/10/21 15:19:36,88.2,75.2,47.1%
12/10/21 15:19:47,88.2,75.2,46.5%
12/10/21 15:20:00,88.2,75.2,46.6%
12/10/21 15:20:11,88.2,75.2,46.7%
12/10/21 15:20:23,88.2,75.2,46.9%
12/10/21 15:20:34,88.2,75.2,46.7%
12/10/21 15:20:45,88.2,75.2,47.1%
12/10/21 15:20:56,88.2,75.2,47.2%
12/10/21 15:21:07,88.2,75.0,47.4%
12/10/21 15:21:18,88.2,75.0,47.4%
12/10/21 15:21:29,88.2,75.0,47.8%
12/10/21 15:21:40,88.0,75.0,47.3%
12/10/21 15:21:51,88.2,75.0,47.7%
12/10/21 15:22:02,88.0,75.0,47.8%
12/10/21 15:22:13,88.0,75.0,47.4%
12/10/21 15:22:24,88.0,75.0,47.8%
12/10/21 15:22:35,88.0,75.0,47.9%
12/10/21 15:22:46,88.0,75.0,48.1%
12/10/21 15:23:00,88.0,74.8,48.1%
12/10/21 15:23:11,88.0,74.8,48.2%
12/10/21 15:23:22,88.0,74.8,48.2%
12/10/21 15:23:33,88.0,74.8,48.1%
12/10/21 15:23:44,88.0,74.8,48.2%
12/10/21 15:24:00,88.0,74.8,48.5%
12/10/21 15:24:11,88.0,74.8,48.6%
12/10/21 15:24:23,88.0,74.8,48.6%
12/10/21 15:24:34,88.0,74.8,48.6%
12/10/21 15:24:45,88.0,74.8,49.0%
12/10/21 15:24:56,88.0,74.8,49.0%
12/10/21 15:25:09,87.8,74.8,48.7%
12/10/21 15:25:20,87.8,74.8,48.8%
12/10/21 15:25:42,88.0,74.8,48.7%
12/10/21 15:25:55,87.8,74.7,49.2%
12/10/21 15:26:06,87.8,74.7,49.2%
12/10/21 15:26:17,87.8,74.7,49.3%
12/10/21 15:26:28,87.8,74.7,49.2%
12/10/21 15:26:39,87.8,74.7,49.2%
12/10/21 15:26:53,87.8,74.7,49.5%
12/10/21 15:27:07,87.8,74.7,49.5%
12/10/21 15:27:18,87.8,74.7,49.5%
12/10/21 15:27:29,87.8,74.7,49.6%
12/10/21 15:27:40,87.8,74.7,49.7%
12/10/21 15:27:51,87.8,74.7,49.4%
12/10/21 15:28:02,87.8,74.7,49.6%
12/10/21 15:28:16,87.8,74.7,49.9%
12/10/21 15:28:27,87.8,74.7,50.0%
12/10/21 15:28:38,87.8,74.5,50.1%
12/10/21 15:28:53,87.8,74.5,50.0%
12/10/21 15:29:08,87.8,74.5,50.1%
12/10/21 15:29:23,87.6,74.7,51.5%
12/10/21 15:29:39,87.8,74.8,52.7%
12/10/21 15:29:50,87.8,74.8,52.8%
12/10/21 15:30:01,87.8,75.0,53.3%
12/10/21 15:30:12,87.6,75.2,54.3%
12/10/21 15:30:28,87.6,75.4,55.1%
12/10/21 15:30:39,87.6,75.6,56.1%
12/10/21 15:30:54,87.6,75.7,56.8%
12/10/21 15:31:14,87.6,75.9,57.2%
12/10/21 15:31:29,87.6,76.1,57.1%
12/10/21 15:31:44,87.6,76.3,57.2%
12/10/21 15:31:59,87.6,76.3,56.8%
12/10/21 15:32:14,87.8,76.3,56.4%
12/10/21 15:32:29,87.6,76.3,55.9%
12/10/21 15:32:45,87.6,76.5,56.1%
12/10/21 15:33:00,87.6,76.5,56.3%
12/10/21 15:33:15,87.6,76.5,56.3%
12/10/21 15:33:30,87.8,76.5,56.3%
12/10/21 15:33:44,87.8,76.5,55.8%
12/10/21 15:33:59,87.8,76.5,55.5%
12/10/21 15:34:14,87.8,76.5,56.1%
12/10/21 15:34:29,87.8,76.5,55.8%
12/10/21 15:34:44,87.8,76.5,55.9%
12/10/21 15:34:59,87.8,76.5,55.8%
12/10/21 15:35:14,87.8,76.5,55.7%
12/10/21 15:35:31,87.8,76.5,55.5%
12/10/21 15:35:46,87.8,76.5,55.2%
12/10/21 15:36:01,88.0,76.5,55.2%
12/10/21 15:36:16,87.8,76.5,55.3%
12/10/21 15:36:36,87.8,76.5,55.1%
12/10/21 15:36:51,87.8,76.5,55.1%
12/10/21 15:37:06,87.8,76.3,54.7%
12/10/21 15:37:21,88.0,76.5,54.8%
12/10/21 15:37:38,88.0,76.3,54.7%
12/10/21 15:37:54,88.0,76.3,54.8%
